"","rf.false","rf.true"
"index_45368",1,0
"index_133337",1,0
"index_9294",1,0
"index_101617",0.998,0.002
"index_89806",0.62,0.38
"index_3131",0.62,0.38
"index_121219",1,0
"index_137506",1,0
"index_9045",0,1
"index_65773",1,0
"index_81967",0.69,0.31
"index_152701",1,0
"index_109410",0.162,0.838
"index_63651",1,0
"index_56290",0.55,0.45
"index_74687",1,0
"index_99862",1,0
"index_191427",0.744,0.256
"index_231518",1,0
"index_82091",0.64,0.36
"index_68818",0.878,0.122
"index_29402",1,0
"index_42997",1,0
"index_92213",1,0
"index_92232",1,0
"index_166989",1,0
"index_225985",0.878,0.122
"index_220102",1,0
"index_154344",1,0
"index_37520",1,0
"index_119671",1,0
"index_233910",0.64,0.36
"index_191111",1,0
"index_179464",1,0
"index_98998",1,0
"index_145257",0.016,0.984
"index_239883",1,0
"index_178419",0.89,0.11
"index_113327",0.988,0.012
"index_105705",1,0
"index_160058",0.878,0.122
"index_81417",0.1,0.9
"index_184240",0.802,0.198
"index_180375",0.988,0.012
"index_157550",1,0
"index_156329",0.846,0.154
"index_141252",1,0
"index_229955",0.55,0.45
"index_205084",0.426,0.574
"index_156776",1,0
"index_83298",1,0
"index_136740",0.1,0.9
"index_86050",1,0
"index_147506",0.162,0.838
"index_34560",0.62,0.38
"index_172455",1,0
"index_118967",1,0
"index_67311",0.01,0.99
"index_123072",0.01,0.99
"index_11537",1,0
"index_67841",1,0
"index_221723",0.002,0.998
"index_22254",1,0
"index_53049",0.332,0.668
"index_106309",1,0
"index_143486",0.744,0.256
"index_35569",1,0
"index_40786",0.85,0.15
"index_172889",0.998,0.002
"index_49635",1,0
"index_181816",1,0
"index_73342",1,0
"index_58187",1,0
"index_213929",1,0
"index_61540",1,0
"index_163410",1,0
"index_129441",1,0
"index_13887",1,0
"index_136041",0.878,0.122
"index_124292",1,0
"index_208570",0,1
"index_158635",1,0
"index_122003",0.62,0.38
"index_2479",1,0
"index_7453",1,0
"index_74594",0.162,0.838
"index_40067",1,0
"index_138224",1,0
"index_39247",1,0
"index_54188",0.878,0.122
"index_5711",1,0
"index_50493",0.55,0.45
"index_213501",1,0
"index_182754",0.89,0.11
"index_212260",0,1
"index_208501",1,0
"index_134843",0.008,0.992
"index_6253",1,0
"index_46475",0.988,0.012
"index_107097",1,0
"index_67484",1,0
"index_219319",0.802,0.198
"index_237734",0.62,0.38
"index_120161",1,0
"index_210661",1,0
"index_135868",1,0
"index_162054",0.874,0.126
"index_81186",1,0
"index_218348",1,0
"index_218275",1,0
"index_207877",0.732,0.268
"index_151263",1,0
"index_40504",1,0
"index_244883",0.194,0.806
"index_224101",1,0
"index_10572",0,1
"index_66960",0.162,0.838
"index_230967",0.078,0.922
"index_216920",0.878,0.122
"index_161558",0.802,0.198
"index_25974",0.058,0.942
"index_73752",1,0
"index_125015",0.64,0.36
"index_141985",0.988,0.012
"index_244490",0.874,0.126
"index_136471",0.442,0.558
"index_106415",0.05,0.95
"index_41598",0.022,0.978
"index_143871",1,0
"index_248365",0.802,0.198
"index_228499",1,0
"index_5518",1,0
"index_1404",0.194,0.806
"index_129065",1,0
"index_96249",0.69,0.31
"index_92267",1,0
"index_58878",1,0
"index_153502",0.55,0.45
"index_114864",1,0
"index_184581",1,0
"index_74768",1,0
"index_81139",1,0
"index_214801",1,0
"index_68537",0.978,0.022
"index_157947",1,0
"index_55805",0.016,0.984
"index_168394",1,0
"index_216204",1,0
"index_31349",1,0
"index_217112",1,0
"index_73150",0,1
"index_32943",1,0
"index_246968",0.99,0.01
"index_166094",1,0
"index_153387",1,0
"index_139080",0.62,0.38
"index_156906",1,0
"index_175479",1,0
"index_107915",1,0
"index_132110",1,0
"index_4760",1,0
"index_162686",0.064,0.936
"index_109729",1,0
"index_14555",0.64,0.36
"index_76281",0.05,0.95
"index_202310",1,0
"index_65560",0.002,0.998
"index_201466",1,0
"index_205786",0.942,0.058
"index_219872",0.058,0.942
"index_187541",1,0
"index_17658",1,0
"index_76431",1,0
"index_210740",1,0
"index_188992",0.45,0.55
"index_35223",0.346,0.654
"index_119724",1,0
"index_236662",1,0
"index_182764",1,0
"index_185645",1,0
"index_54201",0.426,0.574
"index_52873",1,0
"index_129233",1,0
"index_194302",1,0
"index_206115",0.954,0.046
"index_187782",1,0
"index_62942",0.426,0.574
"index_176226",0.64,0.36
"index_189688",0.874,0.126
"index_239681",0.802,0.198
"index_170201",0,1
"index_3701",0.02,0.98
"index_83406",1,0
"index_22683",1,0
"index_120976",1,0
"index_74400",0.016,0.984
"index_217266",1,0
"index_92223",1,0
"index_219785",0.874,0.126
"index_47851",1,0
"index_101517",1,0
"index_245529",0.988,0.012
"index_30009",1,0
"index_127886",0.022,0.978
"index_196975",0.044,0.956
"index_53920",0.046,0.954
"index_140084",1,0
"index_219210",1,0
"index_159515",0.028,0.972
"index_5564",1,0
"index_211478",1,0
"index_117228",1,0
"index_22443",0,1
"index_43722",0.916,0.084
"index_146524",1,0
"index_21701",0.222,0.778
"index_16228",0.194,0.806
"index_72510",0.878,0.122
"index_48669",1,0
"index_8404",0,1
"index_222275",1,0
"index_140209",1,0
"index_77030",1,0
"index_199002",0.426,0.574
"index_241592",0.426,0.574
"index_157609",0.01,0.99
"index_118948",0.222,0.778
"index_103525",1,0
"index_122258",0.162,0.838
"index_3249",0.058,0.942
"index_184038",0.802,0.198
"index_141484",1,0
"index_114484",1,0
"index_56876",0.032,0.968
"index_164368",0.356,0.644
"index_199976",1,0
"index_105587",1,0
"index_77645",0.1,0.9
"index_11692",1,0
"index_233990",0.85,0.15
"index_71100",1,0
"index_138155",1,0
"index_148837",0.988,0.012
"index_78788",1,0
"index_35107",0.85,0.15
"index_195253",1,0
"index_37271",0.356,0.644
"index_199309",1,0
"index_146988",1,0
"index_173656",1,0
"index_180580",1,0
"index_221057",1,0
"index_185832",1,0
"index_31013",1,0
"index_31457",1,0
"index_202035",1,0
"index_228190",1,0
"index_176609",1,0
"index_91970",0.874,0.126
"index_163324",1,0
"index_220812",0.62,0.38
"index_98011",0.878,0.122
"index_4055",0.01,0.99
"index_228200",1,0
"index_143117",0.044,0.956
"index_229288",1,0
"index_216008",1,0
"index_19595",1,0
"index_207486",0.05,0.95
"index_226529",1,0
"index_161290",0.802,0.198
"index_47703",1,0
"index_147171",1,0
"index_223656",1,0
"index_155936",1,0
"index_94780",0.878,0.122
"index_64532",0.1,0.9
"index_79825",1,0
"index_118080",1,0
"index_48578",0.162,0.838
"index_103352",1,0
"index_82523",1,0
"index_41868",0.032,0.968
"index_245858",0.64,0.36
"index_231034",1,0
"index_108447",1,0
"index_232505",1,0
"index_233788",0.928,0.072
"index_204309",0.64,0.36
"index_26414",0.058,0.942
"index_170254",1,0
"index_65170",0.002,0.998
"index_162041",0.64,0.36
"index_16466",0.008,0.992
"index_67278",1,0
"index_214959",0.044,0.956
"index_243866",1,0
"index_211651",1,0
"index_25831",0.346,0.654
"index_189441",1,0
"index_220878",1,0
"index_96390",1,0
"index_189705",1,0
"index_233451",0.506,0.494
"index_188239",1,0
"index_20057",0.022,0.978
"index_214400",1,0
"index_23461",1,0
"index_187828",1,0
"index_31200",1,0
"index_3865",0.426,0.574
"index_211983",1,0
"index_129114",1,0
"index_143835",0.368,0.632
"index_221952",0.162,0.838
"index_227520",0.802,0.198
"index_19263",1,0
"index_159598",0.878,0.122
"index_182286",0.058,0.942
"index_89015",1,0
"index_135949",0.802,0.198
"index_170878",0.338,0.662
"index_55092",0.64,0.36
"index_201267",1,0
"index_21529",1,0
"index_103030",1,0
"index_181035",0.008,0.992
"index_200254",0.99,0.01
"index_20631",0.02,0.98
"index_190453",1,0
"index_150620",1,0
"index_149298",0.028,0.972
"index_152185",1,0
"index_234118",0.01,0.99
"index_28388",0,1
"index_16964",0.85,0.15
"index_89301",1,0
"index_89860",0.988,0.012
"index_165489",1,0
"index_174258",1,0
"index_88914",1,0
"index_71849",1,0
"index_222256",0.162,0.838
"index_38835",0.62,0.38
"index_129617",0.918,0.082
"index_9322",1,0
"index_70638",1,0
"index_83637",1,0
"index_67815",1,0
"index_183815",0.988,0.012
"index_157552",1,0
"index_180507",1,0
"index_172516",1,0
"index_95843",0.998,0.002
"index_218884",1,0
"index_227329",1,0
"index_175972",1,0
"index_112651",1,0
"index_55566",1,0
"index_79117",0.194,0.806
"index_120032",1,0
"index_51400",1,0
"index_90629",1,0
"index_22997",1,0
"index_248152",1,0
"index_121183",1,0
"index_171135",0.97,0.03
"index_18362",0.878,0.122
"index_67726",1,0
"index_36175",1,0
"index_108748",1,0
"index_224050",1,0
"index_182012",1,0
"index_134448",1,0
"index_91673",1,0
"index_234929",1,0
"index_100076",1,0
"index_22637",1,0
"index_97081",0.028,0.972
"index_44249",0.338,0.662
"index_145422",1,0
"index_25361",1,0
"index_248841",1,0
"index_117992",0,1
"index_27301",0.994,0.006
"index_32252",1,0
"index_27974",0.058,0.942
"index_86877",0.338,0.662
"index_179639",0.1,0.9
"index_120819",1,0
"index_186951",0.442,0.558
"index_128871",1,0
"index_107372",1,0
"index_82992",0.338,0.662
"index_85909",1,0
"index_7622",0.194,0.806
"index_69575",0,1
"index_184158",0.222,0.778
"index_112024",0.62,0.38
"index_110218",1,0
"index_161006",1,0
"index_247657",1,0
"index_216548",1,0
"index_22308",0.874,0.126
"index_152743",1,0
"index_59085",1,0
"index_61688",0.356,0.644
"index_164825",0.988,0.012
"index_116051",0.62,0.38
"index_217224",1,0
"index_149198",0,1
"index_159543",0.45,0.55
"index_205057",0.62,0.38
"index_200756",0.194,0.806
"index_108269",1,0
"index_58402",0.002,0.998
"index_42360",1,0
"index_209674",1,0
"index_189927",0.162,0.838
"index_59964",0.802,0.198
"index_246304",0.194,0.806
"index_133404",1,0
"index_123743",0.69,0.31
"index_247896",1,0
"index_139313",1,0
"index_120447",0.02,0.98
"index_193842",1,0
"index_157435",1,0
"index_169400",1,0
"index_48868",0.046,0.954
"index_214536",1,0
"index_2895",0.62,0.38
"index_200696",0.878,0.122
"index_98982",1,0
"index_76922",0.988,0.012
"index_140447",0,1
"index_102195",0.802,0.198
"index_117297",0.878,0.122
"index_43724",0,1
"index_225793",1,0
"index_7481",1,0
"index_221679",1,0
"index_31580",0.332,0.668
"index_230025",0.222,0.778
"index_137447",1,0
"index_19216",1,0
"index_90231",0.988,0.012
"index_95230",1,0
"index_247686",1,0
"index_46133",1,0
"index_184157",0.022,0.978
"index_50914",0.62,0.38
"index_222904",0.732,0.268
"index_61012",0.62,0.38
"index_189669",1,0
"index_207320",0.62,0.38
"index_88411",1,0
"index_75236",1,0
"index_108082",1,0
"index_197694",1,0
"index_217574",0.85,0.15
"index_105898",0.044,0.956
"index_226854",1,0
"index_70530",1,0
"index_234163",0.058,0.942
"index_44937",0.846,0.154
"index_172043",1,0
"index_129783",1,0
"index_75388",0.356,0.644
"index_142663",1,0
"index_126430",1,0
"index_18680",1,0
"index_209069",0.044,0.956
"index_236399",1,0
"index_176458",1,0
"index_13873",1,0
"index_216196",1,0
"index_128535",0.878,0.122
"index_137570",1,0
"index_71426",1,0
"index_78861",1,0
"index_98689",1,0
"index_194590",0.928,0.072
"index_41794",1,0
"index_107587",1,0
"index_142014",1,0
"index_2454",0.878,0.122
"index_159457",0.62,0.38
"index_177537",1,0
"index_90353",0.45,0.55
"index_33350",0.346,0.654
"index_47795",1,0
"index_140621",0,1
"index_120017",0.988,0.012
"index_174982",0.032,0.968
"index_242491",1,0
"index_7405",0.022,0.978
"index_74",1,0
"index_201472",1,0
"index_34834",1,0
"index_66833",1,0
"index_33986",0.55,0.45
"index_21284",1,0
"index_238908",0.162,0.838
"index_215944",1,0
"index_216111",0.45,0.55
"index_163709",0.978,0.022
"index_68909",0.988,0.012
"index_34093",0.45,0.55
"index_125440",1,0
"index_177452",0.69,0.31
"index_143542",1,0
"index_119092",1,0
"index_12040",0.194,0.806
"index_163696",1,0
"index_173151",1,0
"index_154354",1,0
"index_22755",1,0
"index_153785",0.346,0.654
"index_219779",0.998,0.002
"index_41896",1,0
"index_199742",1,0
"index_202008",1,0
"index_142240",1,0
"index_175923",0.162,0.838
"index_181250",1,0
"index_86485",0.99,0.01
"index_82163",0.846,0.154
"index_63933",1,0
"index_215465",0.62,0.38
"index_113736",0.338,0.662
"index_10777",1,0
"index_148599",0.346,0.654
"index_78378",0.744,0.256
"index_37280",1,0
"index_222866",1,0
"index_195962",0,1
"index_193137",0.954,0.046
"index_33693",0.522,0.478
"index_108853",1,0
"index_14711",1,0
"index_21004",0.016,0.984
"index_150452",1,0
"index_52662",0.81,0.19
"index_88889",0.194,0.806
"index_160906",0.346,0.654
"index_150985",1,0
"index_170625",1,0
"index_14556",0.64,0.36
"index_171435",1,0
"index_30037",0.1,0.9
"index_31414",1,0
"index_25905",0.874,0.126
"index_27789",1,0
"index_33297",0.85,0.15
"index_8942",0.426,0.574
"index_149822",0.916,0.084
"index_149604",0.008,0.992
"index_114107",1,0
"index_111405",0.99,0.01
"index_112613",1,0
"index_4515",0.89,0.11
"index_89941",1,0
"index_129058",0.988,0.012
"index_107971",1,0
"index_201163",1,0
"index_187926",0.726,0.274
"index_18333",1,0
"index_178240",1,0
"index_177395",0.338,0.662
"index_27267",1,0
"index_175430",0.01,0.99
"index_7174",1,0
"index_130544",1,0
"index_93064",0.878,0.122
"index_163809",0.45,0.55
"index_80063",1,0
"index_223736",1,0
"index_28249",1,0
"index_25938",0.058,0.942
"index_88506",1,0
"index_13446",0,1
"index_60981",1,0
"index_229977",1,0
"index_67343",0.55,0.45
"index_103755",0.802,0.198
"index_80698",0,1
"index_166044",1,0
"index_144539",1,0
"index_11417",1,0
"index_239370",1,0
"index_71243",1,0
"index_75538",1,0
"index_156788",0.194,0.806
"index_181260",1,0
"index_192378",0.998,0.002
"index_175371",1,0
"index_213248",1,0
"index_182407",1,0
"index_162398",1,0
"index_68367",1,0
"index_155331",1,0
"index_248586",0.194,0.806
"index_48830",1,0
"index_129122",1,0
"index_34501",0.078,0.922
"index_11941",0.878,0.122
"index_56519",1,0
"index_246454",1,0
"index_128197",1,0
"index_74809",1,0
"index_236825",0.802,0.198
"index_138377",1,0
"index_63590",1,0
"index_109886",1,0
"index_147862",0.744,0.256
"index_210431",0.162,0.838
"index_80393",1,0
"index_69687",0.356,0.644
"index_247789",0.368,0.632
"index_113310",1,0
"index_2305",0.45,0.55
"index_239644",1,0
"index_160356",1,0
"index_58149",1,0
"index_110927",0.878,0.122
"index_32096",0.93,0.07
"index_164463",1,0
"index_5477",0.02,0.98
"index_217094",0.05,0.95
"index_159822",1,0
"index_176768",1,0
"index_9370",0.85,0.15
"index_29490",0.45,0.55
"index_133563",1,0
"index_113105",1,0
"index_224926",0.01,0.99
"index_20928",0.1,0.9
"index_198236",0.878,0.122
"index_213375",1,0
"index_140991",1,0
"index_46512",0.162,0.838
"index_187383",1,0
"index_244755",1,0
"index_231984",0.356,0.644
"index_209220",0.002,0.998
"index_200334",1,0
"index_147225",0.998,0.002
"index_50540",0.078,0.922
"index_92479",1,0
"index_5391",0.55,0.45
"index_84122",0.046,0.954
"index_64196",0.64,0.36
"index_195486",0.194,0.806
"index_10240",0.978,0.022
"index_77093",1,0
"index_105465",0.008,0.992
"index_38144",1,0
"index_39225",1,0
"index_211628",0.426,0.574
"index_161166",1,0
"index_135578",0.942,0.058
"index_18784",1,0
"index_165842",1,0
"index_18007",1,0
"index_108827",1,0
"index_122091",0.802,0.198
"index_198816",0.442,0.558
"index_75370",1,0
"index_188181",1,0
"index_202634",1,0
"index_195582",1,0
"index_164043",0.05,0.95
"index_13580",0.69,0.31
"index_165717",1,0
"index_212428",1,0
"index_206201",1,0
"index_145927",1,0
"index_223124",0.522,0.478
"index_113762",0.338,0.662
"index_103034",1,0
"index_165471",0.426,0.574
"index_42577",1,0
"index_162044",0.01,0.99
"index_223790",1,0
"index_2367",0.874,0.126
"index_146075",0.162,0.838
"index_195221",0.93,0.07
"index_69742",0.01,0.99
"index_19909",0.988,0.012
"index_58730",1,0
"index_209964",1,0
"index_240093",0.1,0.9
"index_128533",0.878,0.122
"index_201657",0.988,0.012
"index_120234",1,0
"index_153201",1,0
"index_115200",1,0
"index_207955",1,0
"index_188990",1,0
"index_85406",0,1
"index_123480",1,0
"index_148404",0.64,0.36
"index_4582",1,0
"index_236197",1,0
"index_181195",0.846,0.154
"index_36842",1,0
"index_222363",0.802,0.198
"index_239947",1,0
"index_82551",0.222,0.778
"index_54607",1,0
"index_244111",1,0
"index_184664",1,0
"index_13099",0.45,0.55
"index_129740",1,0
"index_121644",0.802,0.198
"index_3797",1,0
"index_175054",0.85,0.15
"index_245203",1,0
"index_179689",0.45,0.55
"index_178857",1,0
"index_2468",0.194,0.806
"index_78612",1,0
"index_12162",0,1
"index_9759",1,0
"index_124064",0,1
"index_126761",1,0
"index_102740",1,0
"index_128886",1,0
"index_175034",1,0
"index_111121",1,0
"index_62139",0.998,0.002
"index_115776",0,1
"index_8008",1,0
"index_94848",0.988,0.012
"index_138720",0.346,0.654
"index_172755",1,0
"index_172367",0.194,0.806
"index_133657",0.93,0.07
"index_688",1,0
"index_97330",0.016,0.984
"index_118199",0.064,0.936
"index_155477",1,0
"index_123356",1,0
"index_25721",1,0
"index_249302",0,1
"index_119540",1,0
"index_189860",1,0
"index_6923",1,0
"index_39943",0.426,0.574
"index_116810",0.1,0.9
"index_153982",0.05,0.95
"index_232815",0.744,0.256
"index_200706",0.356,0.644
"index_72349",1,0
"index_59143",1,0
"index_117743",0.194,0.806
"index_25700",0.338,0.662
"index_239351",1,0
"index_3392",0.69,0.31
"index_82780",0,1
"index_31363",1,0
"index_67909",0.194,0.806
"index_165495",1,0
"index_222888",1,0
"index_192008",0,1
"index_127133",1,0
"index_167919",1,0
"index_37502",1,0
"index_181685",0.078,0.922
"index_105064",1,0
"index_184885",1,0
"index_121179",0,1
"index_226104",1,0
"index_55230",1,0
"index_231712",1,0
"index_31161",1,0
"index_218165",1,0
"index_115595",0.01,0.99
"index_70400",1,0
"index_45865",1,0
"index_234230",1,0
"index_156043",0.194,0.806
"index_156079",1,0
"index_80464",1,0
"index_51350",1,0
"index_166679",0.064,0.936
"index_24101",0.954,0.046
"index_37569",0.878,0.122
"index_166840",1,0
"index_111837",1,0
"index_85138",1,0
"index_242824",1,0
"index_79683",1,0
"index_223145",1,0
"index_1376",0.988,0.012
"index_126661",1,0
"index_96218",1,0
"index_117876",0.162,0.838
"index_145790",1,0
"index_22234",0.046,0.954
"index_232000",1,0
"index_97824",0.45,0.55
"index_20407",0.064,0.936
"index_4499",0.194,0.806
"index_196116",0.002,0.998
"index_228",1,0
"index_4730",1,0
"index_124215",1,0
"index_151756",1,0
"index_242669",1,0
"index_128152",1,0
"index_88746",0.69,0.31
"index_205492",0.582,0.418
"index_235230",0.058,0.942
"index_184496",1,0
"index_247755",0.998,0.002
"index_98929",0.744,0.256
"index_214193",0.194,0.806
"index_170382",0.162,0.838
"index_15399",0.85,0.15
"index_140649",0.998,0.002
"index_155901",1,0
"index_61639",0.85,0.15
"index_236170",1,0
"index_151328",1,0
"index_69321",1,0
"index_130283",0.064,0.936
"index_234577",0.64,0.36
"index_34958",1,0
"index_98721",1,0
"index_121303",0,1
"index_107987",1,0
"index_150565",0.176,0.824
"index_196376",1,0
"index_235044",1,0
"index_157463",0.97,0.03
"index_111644",1,0
"index_202815",0.004,0.996
"index_34330",0.988,0.012
"index_223801",1,0
"index_204890",0.69,0.31
"index_43676",1,0
"index_168849",1,0
"index_154438",1,0
"index_172681",1,0
"index_88651",1,0
"index_136300",0.044,0.956
"index_103459",0.99,0.01
"index_105151",0.846,0.154
"index_82488",0.008,0.992
"index_52206",1,0
"index_49829",0.338,0.662
"index_142570",0.064,0.936
"index_120945",1,0
"index_41652",0.846,0.154
"index_107782",0.1,0.9
"index_61956",0.802,0.198
"index_211061",1,0
"index_221419",0.69,0.31
"index_170167",0.162,0.838
"index_101314",1,0
"index_199864",1,0
"index_207186",1,0
"index_65067",0,1
"index_140422",1,0
"index_76605",0,1
"index_44412",0.85,0.15
"index_133236",0.732,0.268
"index_212443",0.162,0.838
"index_161062",0,1
"index_94385",0.008,0.992
"index_59473",1,0
"index_66775",0.058,0.942
"index_219539",0.078,0.922
"index_77831",0,1
"index_210265",0.338,0.662
"index_38765",0.162,0.838
"index_126878",1,0
"index_107679",1,0
"index_136486",0.45,0.55
"index_242219",1,0
"index_64190",0.99,0.01
"index_29283",0.222,0.778
"index_71331",1,0
"index_145393",0.194,0.806
"index_36051",0.802,0.198
"index_243828",1,0
"index_248075",1,0
"index_202827",1,0
"index_146748",1,0
"index_235300",0.874,0.126
"index_223653",1,0
"index_159892",0.802,0.198
"index_169607",0.1,0.9
"index_62107",1,0
"index_94627",1,0
"index_152868",0.058,0.942
"index_70318",1,0
"index_233526",0.064,0.936
"index_40249",1,0
"index_103650",0.988,0.012
"index_86478",1,0
"index_234316",0.162,0.838
"index_124097",0,1
"index_50905",0.988,0.012
"index_146163",1,0
"index_203701",1,0
"index_12195",1,0
"index_181394",0.744,0.256
"index_245397",0.954,0.046
"index_139974",1,0
"index_194215",1,0
"index_132089",1,0
"index_247740",0.044,0.956
"index_13845",0.62,0.38
"index_210825",0.62,0.38
"index_98975",1,0
"index_167621",1,0
"index_96383",1,0
"index_230715",0.744,0.256
"index_103805",0.194,0.806
"index_102784",1,0
"index_144575",0.442,0.558
"index_216445",0.194,0.806
"index_245559",0.988,0.012
"index_87941",1,0
"index_224362",1,0
"index_6984",0.046,0.954
"index_218732",1,0
"index_21311",1,0
"index_43871",0,1
"index_131649",1,0
"index_38872",0.64,0.36
"index_160378",1,0
"index_229980",0.988,0.012
"index_208618",0,1
"index_107371",1,0
"index_39809",1,0
"index_186535",0.878,0.122
"index_87729",1,0
"index_205592",0.942,0.058
"index_158111",1,0
"index_159982",0.194,0.806
"index_241561",1,0
"index_201675",0.69,0.31
"index_136861",0.044,0.956
"index_210004",1,0
"index_226124",1,0
"index_223273",1,0
"index_2109",0.162,0.838
"index_239704",1,0
"index_138736",0.332,0.668
"index_116654",0.55,0.45
"index_221499",1,0
"index_113829",1,0
"index_118103",1,0
"index_186736",1,0
"index_24059",1,0
"index_16994",1,0
"index_215339",0.658,0.342
"index_135383",0.046,0.954
"index_215383",0.998,0.002
"index_95480",0.162,0.838
"index_134574",0.338,0.662
"index_61275",1,0
"index_13692",0.162,0.838
"index_137785",1,0
"index_166671",0,1
"index_96006",0,1
"index_106865",1,0
"index_155582",0.678,0.322
"index_178458",1,0
"index_36325",1,0
"index_239811",1,0
"index_99732",1,0
"index_144385",0.878,0.122
"index_244878",1,0
"index_52841",1,0
"index_172687",0.222,0.778
"index_51650",1,0
"index_16366",1,0
"index_139724",1,0
"index_55478",1,0
"index_81347",1,0
"index_128493",0.954,0.046
"index_228111",0.1,0.9
"index_219838",0.874,0.126
"index_202774",1,0
"index_213590",1,0
"index_176865",0.218,0.782
"index_116518",0.01,0.99
"index_19240",0.99,0.01
"index_126468",0,1
"index_111084",1,0
"index_217768",0.988,0.012
"index_233597",1,0
"index_245954",1,0
"index_20244",1,0
"index_19033",0.016,0.984
"index_44099",1,0
"index_78566",1,0
"index_158839",0.678,0.322
"index_233704",1,0
"index_95990",1,0
"index_80086",1,0
"index_8349",0.916,0.084
"index_243864",1,0
"index_161415",0,1
"index_139989",0.002,0.998
"index_64328",0.194,0.806
"index_15698",1,0
"index_142605",1,0
"index_69287",1,0
"index_77296",0.45,0.55
"index_242750",0.162,0.838
"index_81996",1,0
"index_9499",1,0
"index_217570",0.802,0.198
"index_120585",0.1,0.9
"index_160758",1,0
"index_4826",0.846,0.154
"index_8956",1,0
"index_179212",0,1
"index_76559",1,0
"index_133535",0.45,0.55
"index_63937",1,0
"index_179064",0.028,0.972
"index_93690",1,0
"index_69392",0,1
"index_60016",1,0
"index_174411",0.332,0.668
"index_237523",0,1
"index_26035",0.928,0.072
"index_152425",1,0
"index_41178",1,0
"index_239660",1,0
"index_62595",1,0
"index_238777",0.62,0.38
"index_103818",0.194,0.806
"index_108032",1,0
"index_246008",1,0
"index_7002",0.162,0.838
"index_25089",1,0
"index_207684",1,0
"index_207732",0.162,0.838
"index_235009",1,0
"index_38327",1,0
"index_86095",1,0
"index_178200",0.998,0.002
"index_211162",1,0
"index_79142",1,0
"index_38297",1,0
"index_167468",0.99,0.01
"index_173395",1,0
"index_31113",1,0
"index_158598",0,1
"index_113167",1,0
"index_245308",1,0
"index_36379",0.032,0.968
"index_191121",0.058,0.942
"index_115581",0.726,0.274
"index_160867",0.874,0.126
"index_117718",0.028,0.972
"index_85964",0.002,0.998
"index_38284",1,0
"index_43465",0.008,0.992
"index_208192",0.64,0.36
"index_48001",0.044,0.956
"index_145150",0.55,0.45
"index_7638",0.222,0.778
"index_163186",1,0
"index_32019",1,0
"index_84455",0.162,0.838
"index_139102",1,0
"index_96311",0.162,0.838
"index_51915",0.194,0.806
"index_219151",1,0
"index_28358",1,0
"index_111387",1,0
"index_44731",0.368,0.632
"index_243610",1,0
"index_134464",0.368,0.632
"index_20990",0.064,0.936
"index_218509",0.162,0.838
"index_78741",0,1
"index_222361",1,0
"index_228988",1,0
"index_92492",1,0
"index_226766",0.978,0.022
"index_88754",0.988,0.012
"index_14286",1,0
"index_89159",0.356,0.644
"index_111318",0.732,0.268
"index_120203",0.988,0.012
"index_49462",1,0
"index_54724",0.64,0.36
"index_75013",0,1
"index_78523",1,0
"index_146238",1,0
"index_186137",0.874,0.126
"index_94501",1,0
"index_91467",1,0
"index_67793",1,0
"index_197638",0.62,0.38
"index_49563",1,0
"index_64647",0.426,0.574
"index_88639",1,0
"index_200147",1,0
"index_29367",1,0
"index_78298",1,0
"index_229039",1,0
"index_248468",1,0
"index_86807",0.078,0.922
"index_41728",0.85,0.15
"index_152384",1,0
"index_230541",0.338,0.662
"index_59748",1,0
"index_26996",1,0
"index_125721",0.978,0.022
"index_200164",1,0
"index_36194",1,0
"index_207396",0.356,0.644
"index_141181",0.802,0.198
"index_238853",0.194,0.806
"index_202819",0.004,0.996
"index_76880",1,0
"index_66088",1,0
"index_241345",0.1,0.9
"index_31887",1,0
"index_32927",0.988,0.012
"index_149008",0.62,0.38
"index_13486",0.64,0.36
"index_45873",1,0
"index_132689",0.802,0.198
"index_109495",0.346,0.654
"index_88562",1,0
"index_131150",1,0
"index_11686",1,0
"index_139499",0.55,0.45
"index_102405",1,0
"index_88864",1,0
"index_25613",1,0
"index_115888",0.356,0.644
"index_137152",0.162,0.838
"index_83719",1,0
"index_214314",1,0
"index_36512",1,0
"index_164674",1,0
"index_232855",1,0
"index_137709",0.99,0.01
"index_247038",1,0
"index_11331",0.988,0.012
"index_38170",1,0
"index_177770",1,0
"index_102231",0.338,0.662
"index_23460",1,0
"index_64900",1,0
"index_170168",0.162,0.838
"index_19688",1,0
"index_116236",0.426,0.574
"index_155575",0.01,0.99
"index_84019",0.846,0.154
"index_151648",1,0
"index_243353",1,0
"index_182690",0.032,0.968
"index_177368",0.194,0.806
"index_117645",1,0
"index_19111",0,1
"index_31592",1,0
"index_55446",1,0
"index_112251",1,0
"index_201494",1,0
"index_248628",0.802,0.198
"index_39104",1,0
"index_240395",1,0
"index_111394",1,0
"index_84326",0.878,0.122
"index_8269",0.64,0.36
"index_136246",1,0
"index_19546",1,0
"index_53162",1,0
"index_143578",1,0
"index_84946",0.194,0.806
"index_200837",0.01,0.99
"index_247758",1,0
"index_47000",0.878,0.122
"index_107074",0.55,0.45
"index_240757",1,0
"index_192519",0.45,0.55
"index_69042",1,0
"index_145205",0.846,0.154
"index_151526",0.45,0.55
"index_114820",1,0
"index_94684",1,0
"index_41778",1,0
"index_35574",1,0
"index_41997",1,0
"index_33933",1,0
"index_40019",1,0
"index_17827",1,0
"index_27628",1,0
"index_228684",0.802,0.198
"index_107039",1,0
"index_107765",1,0
"index_42892",1,0
"index_249244",0.62,0.38
"index_64676",1,0
"index_68300",1,0
"index_11707",0.55,0.45
"index_118747",0,1
"index_136867",0.846,0.154
"index_192245",1,0
"index_207641",1,0
"index_37259",1,0
"index_157368",0.45,0.55
"index_236019",0.64,0.36
"index_184018",0.64,0.36
"index_192454",1,0
"index_98082",0.45,0.55
"index_22150",1,0
"index_97377",0.028,0.972
"index_211139",1,0
"index_136050",0.744,0.256
"index_9766",1,0
"index_133344",0.45,0.55
"index_194667",0.02,0.98
"index_179544",1,0
"index_157063",1,0
"index_57769",0.878,0.122
"index_114658",1,0
"index_82131",1,0
"index_145274",0.008,0.992
"index_4794",1,0
"index_91593",0.916,0.084
"index_68680",1,0
"index_63168",0.426,0.574
"index_114302",1,0
"index_113601",1,0
"index_190488",1,0
"index_93202",0.69,0.31
"index_234388",0.534,0.466
"index_7867",1,0
"index_149625",0.93,0.07
"index_129138",1,0
"index_88061",1,0
"index_178269",0.988,0.012
"index_126438",1,0
"index_176260",0.338,0.662
"index_196511",1,0
"index_139837",1,0
"index_136022",1,0
"index_189742",1,0
"index_60606",0.988,0.012
"index_135191",0.93,0.07
"index_185214",1,0
"index_246789",0.442,0.558
"index_240816",1,0
"index_211395",0.988,0.012
"index_176241",1,0
"index_59770",1,0
"index_84950",1,0
"index_68330",0.356,0.644
"index_21713",0.954,0.046
"index_2539",0.044,0.956
"index_118448",0.194,0.806
"index_120691",1,0
"index_94320",0.954,0.046
"index_123732",0.02,0.98
"index_10388",0.878,0.122
"index_60041",0.802,0.198
"index_9264",0,1
"index_10088",1,0
"index_104362",0.988,0.012
"index_247150",1,0
"index_191270",1,0
"index_173487",1,0
"index_182937",1,0
"index_182295",0.194,0.806
"index_226683",1,0
"index_41232",0,1
"index_63926",1,0
"index_219350",1,0
"index_216086",0.45,0.55
"index_6238",1,0
"index_20769",0.008,0.992
"index_249267",0.058,0.942
"index_78962",1,0
"index_93898",1,0
"index_46593",0.878,0.122
"index_192776",1,0
"index_179822",0.008,0.992
"index_234313",0.802,0.198
"index_62886",1,0
"index_194935",0,1
"index_36876",1,0
"index_49694",1,0
"index_49064",0.802,0.198
"index_8500",0.916,0.084
"index_205408",1,0
"index_226311",0.058,0.942
"index_30012",0.89,0.11
"index_8317",0.02,0.98
"index_18094",0.338,0.662
"index_247270",0.658,0.342
"index_112218",1,0
"index_67352",1,0
"index_216916",1,0
"index_62630",1,0
"index_157067",1,0
"index_188753",1,0
"index_202034",1,0
"index_79013",0.044,0.956
"index_17535",1,0
"index_18006",1,0
"index_91334",1,0
"index_39612",0.01,0.99
"index_214119",0.008,0.992
"index_42767",1,0
"index_52340",1,0
"index_144468",0.954,0.046
"index_183275",1,0
"index_72221",1,0
"index_123860",0.01,0.99
"index_177583",0.01,0.99
"index_218808",0.998,0.002
"index_76110",1,0
"index_132247",1,0
"index_55684",0.89,0.11
"index_156348",0.988,0.012
"index_9913",0.01,0.99
"index_160411",0.338,0.662
"index_167542",0.058,0.942
"index_24493",0.1,0.9
"index_194086",1,0
"index_89262",1,0
"index_81818",0.1,0.9
"index_50450",0,1
"index_95647",1,0
"index_12348",1,0
"index_123665",0.016,0.984
"index_13127",1,0
"index_113575",1,0
"index_207568",1,0
"index_101338",1,0
"index_102428",1,0
"index_242664",1,0
"index_5462",0.028,0.972
"index_43957",0,1
"index_174070",1,0
"index_143636",0.988,0.012
"index_103326",1,0
"index_119024",0.846,0.154
"index_13945",1,0
"index_206789",1,0
"index_40128",0.928,0.072
"index_97452",1,0
"index_195399",1,0
"index_25463",0.988,0.012
"index_43443",1,0
"index_237084",1,0
"index_180062",1,0
"index_237993",0.162,0.838
"index_178913",0.878,0.122
"index_175658",0.45,0.55
"index_24753",0.058,0.942
"index_34886",1,0
"index_15508",0.044,0.956
"index_58066",1,0
"index_35139",0.62,0.38
"index_148378",0.64,0.36
"index_28947",0.162,0.838
"index_181109",1,0
"index_155257",1,0
"index_166962",1,0
"index_233971",0.874,0.126
"index_164007",1,0
"index_194016",1,0
"index_17303",0.988,0.012
"index_212540",0.834,0.166
"index_117237",0.1,0.9
"index_201491",1,0
"index_203962",0.89,0.11
"index_17292",0.45,0.55
"index_165197",0.62,0.38
"index_184534",0.802,0.198
"index_80149",1,0
"index_148346",1,0
"index_219314",0.162,0.838
"index_56680",1,0
"index_120266",1,0
"index_163065",0.834,0.166
"index_235854",1,0
"index_42736",0.356,0.644
"index_154320",1,0
"index_11709",1,0
"index_111841",1,0
"index_62881",1,0
"index_127843",0,1
"index_173748",1,0
"index_31408",1,0
"index_82822",0.01,0.99
"index_221859",1,0
"index_229081",1,0
"index_172817",0,1
"index_151608",1,0
"index_237589",0,1
"index_188025",1,0
"index_243633",0,1
"index_238914",1,0
"index_217710",0.162,0.838
"index_142173",1,0
"index_102613",0.55,0.45
"index_91418",0.01,0.99
"index_180734",1,0
"index_226889",1,0
"index_163498",1,0
"index_211351",1,0
"index_73610",1,0
"index_143556",1,0
"index_93412",0.874,0.126
"index_18695",1,0
"index_16151",0.55,0.45
"index_113029",1,0
"index_164201",0.022,0.978
"index_201562",1,0
"index_168743",1,0
"index_152478",1,0
"index_27912",1,0
"index_214405",1,0
"index_68524",0.368,0.632
"index_37198",0.194,0.806
"index_17258",0.62,0.38
"index_194883",0.802,0.198
"index_46409",0.802,0.198
"index_120331",1,0
"index_106858",1,0
"index_235152",1,0
"index_187874",1,0
"index_88118",0.368,0.632
"index_55698",1,0
"index_23071",0.954,0.046
"index_9265",0,1
"index_46039",1,0
"index_33072",1,0
"index_17201",0.05,0.95
"index_66583",1,0
"index_31074",1,0
"index_39658",1,0
"index_218034",0.442,0.558
"index_44632",1,0
"index_42802",1,0
"index_182726",0.64,0.36
"index_201373",1,0
"index_240266",1,0
"index_238433",0,1
"index_115442",1,0
"index_156340",0.356,0.644
"index_109835",1,0
"index_63270",0.058,0.942
"index_65809",1,0
"index_178351",0.356,0.644
"index_64431",1,0
"index_120798",1,0
"index_38702",1,0
"index_21769",0.85,0.15
"index_31099",1,0
"index_62599",1,0
"index_213391",1,0
"index_34869",0.85,0.15
"index_45767",0.1,0.9
"index_181994",1,0
"index_39575",0.016,0.984
"index_164553",0.002,0.998
"index_244176",0.044,0.956
"index_241187",1,0
"index_210541",1,0
"index_88294",1,0
"index_148778",1,0
"index_24068",1,0
"index_92633",1,0
"index_30126",0.93,0.07
"index_238130",1,0
"index_28236",1,0
"index_156056",0.162,0.838
"index_185523",0.046,0.954
"index_192080",0.176,0.824
"index_185169",1,0
"index_171764",0.162,0.838
"index_238725",1,0
"index_235319",0.338,0.662
"index_243854",1,0
"index_19610",0.022,0.978
"index_52040",1,0
"index_188890",1,0
"index_152072",1,0
"index_96180",1,0
"index_138793",1,0
"index_209591",1,0
"index_190166",1,0
"index_148043",1,0
"index_117865",0.426,0.574
"index_119717",1,0
"index_28400",0,1
"index_67465",1,0
"index_211892",0.162,0.838
"index_90488",0.62,0.38
"index_53845",1,0
"index_183272",0.338,0.662
"index_106105",1,0
"index_9568",0.62,0.38
"index_203408",1,0
"index_124241",0.1,0.9
"index_72639",1,0
"index_181443",1,0
"index_97927",1,0
"index_125560",1,0
"index_87538",0.916,0.084
"index_221540",1,0
"index_187730",0.802,0.198
"index_192826",0.99,0.01
"index_197363",1,0
"index_197328",1,0
"index_8501",0.338,0.662
"index_50665",0.874,0.126
"index_7382",0.162,0.838
"index_45645",1,0
"index_104515",0.55,0.45
"index_147079",0.1,0.9
"index_102488",0.044,0.956
"index_75265",1,0
"index_123904",1,0
"index_225291",1,0
"index_94575",1,0
"index_125659",0.162,0.838
"index_30121",0.022,0.978
"index_90952",0.62,0.38
"index_26732",0.1,0.9
"index_149104",1,0
"index_234319",1,0
"index_90895",1,0
"index_120457",1,0
"index_1382",1,0
"index_110255",1,0
"index_31479",0.45,0.55
"index_28178",0,1
"index_850",1,0
"index_163336",1,0
"index_41591",0,1
"index_188974",0.874,0.126
"index_107410",1,0
"index_40236",1,0
"index_90760",1,0
"index_38517",1,0
"index_132460",1,0
"index_69736",0.064,0.936
"index_41457",0.62,0.38
"index_85619",1,0
"index_244499",0.69,0.31
"index_12476",1,0
"index_57838",1,0
"index_125799",1,0
"index_10135",1,0
"index_60124",0.988,0.012
"index_147329",1,0
"index_98691",1,0
"index_146522",1,0
"index_16708",0.046,0.954
"index_147215",1,0
"index_241815",1,0
"index_173703",0.002,0.998
"index_121854",0.62,0.38
"index_100096",1,0
"index_113516",1,0
"index_46275",0.64,0.36
"index_203802",1,0
"index_171084",1,0
"index_200738",0.988,0.012
"index_4789",1,0
"index_125544",0.988,0.012
"index_123620",1,0
"index_1661",1,0
"index_217425",0.194,0.806
"index_12561",1,0
"index_121507",0.016,0.984
"index_243577",0.078,0.922
"index_56951",1,0
"index_32913",0.194,0.806
"index_214719",0.732,0.268
"index_139735",1,0
"index_179990",0.338,0.662
"index_58555",1,0
"index_181398",1,0
"index_194494",1,0
"index_45977",1,0
"index_9268",0.002,0.998
"index_246162",1,0
"index_184470",0.01,0.99
"index_122420",0.346,0.654
"index_173144",1,0
"index_42731",0.64,0.36
"index_245218",1,0
"index_35148",0.874,0.126
"index_164804",0.69,0.31
"index_88346",1,0
"index_17397",1,0
"index_169427",1,0
"index_82628",1,0
"index_136713",0.008,0.992
"index_30518",1,0
"index_202007",1,0
"index_184959",1,0
"index_216729",0.62,0.38
"index_30815",1,0
"index_13407",0.162,0.838
"index_43635",0.62,0.38
"index_226348",0.802,0.198
"index_93522",1,0
"index_135021",0.368,0.632
"index_200635",1,0
"index_219749",1,0
"index_26119",0.356,0.644
"index_230745",1,0
"index_169595",0.732,0.268
"index_225235",1,0
"index_12136",1,0
"index_152855",1,0
"index_170306",1,0
"index_213441",1,0
"index_41664",0.046,0.954
"index_176947",1,0
"index_19000",1,0
"index_224934",0,1
"index_27177",1,0
"index_1265",1,0
"index_164140",0.194,0.806
"index_21591",1,0
"index_87492",0.022,0.978
"index_41803",1,0
"index_155365",0.988,0.012
"index_196314",0.846,0.154
"index_141914",0.176,0.824
"index_76553",1,0
"index_82700",1,0
"index_169403",1,0
"index_169647",1,0
"index_214891",0,1
"index_147334",1,0
"index_158955",1,0
"index_74806",1,0
"index_249506",0,1
"index_106697",0.62,0.38
"index_205309",0.954,0.046
"index_239149",1,0
"index_62768",1,0
"index_42895",1,0
"index_116836",0.338,0.662
"index_219513",0.008,0.992
"index_135305",0.044,0.956
"index_58960",0.218,0.782
"index_191486",0.426,0.574
"index_3608",0.998,0.002
"index_88604",0.162,0.838
"index_200120",0.194,0.806
"index_190881",1,0
"index_88318",1,0
"index_245585",0.162,0.838
"index_6018",1,0
"index_28537",0.988,0.012
"index_110250",1,0
"index_123384",1,0
"index_159064",1,0
"index_173275",0.988,0.012
"index_159141",1,0
"index_79696",1,0
"index_146492",1,0
"index_113864",1,0
"index_203130",0.218,0.782
"index_23524",1,0
"index_146980",1,0
"index_12452",0.998,0.002
"index_103857",0.194,0.806
"index_188007",1,0
"index_182810",1,0
"index_72311",0.162,0.838
"index_43314",1,0
"index_15756",1,0
"index_79901",1,0
"index_150831",1,0
"index_19350",1,0
"index_165385",1,0
"index_106054",1,0
"index_169543",0.994,0.006
"index_206526",0.1,0.9
"index_162340",0.368,0.632
"index_215283",1,0
"index_239745",0.64,0.36
"index_169369",0.874,0.126
"index_40307",1,0
"index_85473",0.058,0.942
"index_115426",1,0
"index_146795",1,0
"index_144558",1,0
"index_222302",1,0
"index_92189",1,0
"index_24594",0.878,0.122
"index_143809",1,0
"index_167777",0.99,0.01
"index_53982",1,0
"index_52594",0.078,0.922
"index_241711",1,0
"index_69511",0.008,0.992
"index_15026",0,1
"index_162250",0,1
"index_126577",1,0
"index_137347",1,0
"index_1778",0.222,0.778
"index_224365",1,0
"index_192851",1,0
"index_148017",0.162,0.838
"index_1843",0.356,0.644
"index_99054",1,0
"index_208533",1,0
"index_68304",1,0
"index_209376",1,0
"index_96616",1,0
"index_212119",0.64,0.36
"index_169462",1,0
"index_31525",1,0
"index_55216",1,0
"index_187771",1,0
"index_44890",0.078,0.922
"index_164870",1,0
"index_24713",0.162,0.838
"index_115739",1,0
"index_170485",1,0
"index_3347",0.62,0.38
"index_147811",0.45,0.55
"index_182173",1,0
"index_74377",0.874,0.126
"index_240687",1,0
"index_157346",1,0
"index_34640",1,0
"index_25707",1,0
"index_217036",0.022,0.978
"index_234181",0.874,0.126
"index_45474",0.028,0.972
"index_216185",0.954,0.046
"index_221894",1,0
"index_113499",1,0
"index_110198",0.346,0.654
"index_102379",0.62,0.38
"index_20585",0.878,0.122
"index_233980",0.878,0.122
"index_236895",1,0
"index_107749",1,0
"index_233946",1,0
"index_73296",1,0
"index_240229",1,0
"index_84229",1,0
"index_46616",0.162,0.838
"index_18902",1,0
"index_78957",1,0
"index_11585",1,0
"index_150541",1,0
"index_114792",1,0
"index_94193",1,0
"index_114529",1,0
"index_194936",0.988,0.012
"index_195016",0.044,0.956
"index_16373",1,0
"index_208529",1,0
"index_86962",0.988,0.012
"index_23335",1,0
"index_248028",1,0
"index_81484",0.194,0.806
"index_113264",0.022,0.978
"index_12132",1,0
"index_157818",1,0
"index_57879",1,0
"index_94735",1,0
"index_142823",1,0
"index_59546",0,1
"index_210018",1,0
"index_230027",0.044,0.956
"index_248692",0.01,0.99
"index_114715",0.45,0.55
"index_590",1,0
"index_137370",1,0
"index_29962",1,0
"index_56405",1,0
"index_2291",0.442,0.558
"index_165224",0.62,0.38
"index_209199",1,0
"index_26245",1,0
"index_209647",1,0
"index_148913",0.55,0.45
"index_36033",1,0
"index_23984",0,1
"index_242887",1,0
"index_160245",0.62,0.38
"index_195125",0.338,0.662
"index_208288",0.1,0.9
"index_71120",0.194,0.806
"index_139171",0.62,0.38
"index_200951",1,0
"index_17134",0.078,0.922
"index_100987",0.222,0.778
"index_62342",0.356,0.644
"index_235848",1,0
"index_8805",0,1
"index_183887",0.62,0.38
"index_195034",0.55,0.45
"index_228066",0.988,0.012
"index_101258",0.978,0.022
"index_126445",1,0
"index_1141",1,0
"index_214402",1,0
"index_246475",1,0
"index_65720",1,0
"index_178844",0.954,0.046
"index_122392",0.69,0.31
"index_10073",0.162,0.838
"index_245574",0.64,0.36
"index_208331",0.1,0.9
"index_167861",0.846,0.154
"index_102078",1,0
"index_186601",0.45,0.55
"index_129587",1,0
"index_237267",0.99,0.01
"index_180724",1,0
"index_190653",0.55,0.45
"index_114214",0.028,0.972
"index_209669",1,0
"index_226892",1,0
"index_65314",0.64,0.36
"index_245108",0.162,0.838
"index_76203",1,0
"index_202407",1,0
"index_5270",0.162,0.838
"index_82348",0.356,0.644
"index_136722",0,1
"index_189820",1,0
"index_177826",1,0
"index_60532",1,0
"index_240040",1,0
"index_166249",1,0
"index_6752",1,0
"index_44055",0.078,0.922
"index_17169",0.338,0.662
"index_118990",0.058,0.942
"index_180646",1,0
"index_215167",1,0
"index_138423",1,0
"index_47768",1,0
"index_88338",1,0
"index_232512",1,0
"index_233166",1,0
"index_50364",1,0
"index_231749",0.058,0.942
"index_158143",1,0
"index_87501",0.044,0.956
"index_134714",0.846,0.154
"index_131033",1,0
"index_1016",1,0
"index_57293",1,0
"index_184155",0.022,0.978
"index_107262",1,0
"index_33209",0.426,0.574
"index_5229",1,0
"index_86466",0.978,0.022
"index_12497",1,0
"index_247694",1,0
"index_237249",1,0
"index_188868",1,0
"index_140908",0.016,0.984
"index_1867",0.058,0.942
"index_120272",0.55,0.45
"index_140104",1,0
"index_137610",1,0
"index_199725",0.162,0.838
"index_104432",0.02,0.98
"index_247948",1,0
"index_11307",1,0
"index_159455",0.62,0.38
"index_151167",0.988,0.012
"index_65353",1,0
"index_141779",0.878,0.122
"index_81468",0.878,0.122
"index_126155",1,0
"index_162614",1,0
"index_209288",0.02,0.98
"index_243497",0.952,0.048
"index_99083",1,0
"index_204985",0.45,0.55
"index_177308",0.474,0.526
"index_178122",1,0
"index_78692",1,0
"index_55624",1,0
"index_64760",1,0
"index_191702",0.194,0.806
"index_133814",1,0
"index_48064",0.162,0.838
"index_72512",1,0
"index_50381",0.878,0.122
"index_16580",1,0
"index_216852",1,0
"index_102665",1,0
"index_32124",0.078,0.922
"index_131333",1,0
"index_64210",1,0
"index_241513",1,0
"index_65433",1,0
"index_83684",0.954,0.046
"index_217839",0.802,0.198
"index_215974",1,0
"index_225933",0.356,0.644
"index_148000",1,0
"index_117945",0.988,0.012
"index_239856",1,0
"index_240471",0.62,0.38
"index_140801",1,0
"index_152043",0.988,0.012
"index_22513",0.008,0.992
"index_12369",1,0
"index_141448",1,0
"index_180959",1,0
"index_190844",1,0
"index_92705",1,0
"index_46973",0.89,0.11
"index_71927",0.64,0.36
"index_183553",0.45,0.55
"index_39704",1,0
"index_46975",0.918,0.082
"index_107478",1,0
"index_240617",0.62,0.38
"index_209601",1,0
"index_41906",1,0
"index_241743",1,0
"index_97699",0.162,0.838
"index_104984",1,0
"index_29054",0.028,0.972
"index_167697",0.078,0.922
"index_208416",1,0
"index_27647",0.874,0.126
"index_18454",0.356,0.644
"index_214162",1,0
"index_62328",0.846,0.154
"index_64555",1,0
"index_74382",0.85,0.15
"index_77198",0.078,0.922
"index_220155",1,0
"index_199113",1,0
"index_131327",1,0
"index_14883",1,0
"index_198665",0.874,0.126
"index_9446",0,1
"index_133571",0,1
"index_195118",0.044,0.956
"index_215683",1,0
"index_44790",1,0
"index_17569",1,0
"index_113869",1,0
"index_136697",0.022,0.978
"index_26287",1,0
"index_18938",1,0
"index_181448",1,0
"index_72790",1,0
"index_224852",0.55,0.45
"index_248996",1,0
"index_31814",1,0
"index_148888",1,0
"index_38111",1,0
"index_261",0.078,0.922
"index_41407",1,0
"index_172611",0.222,0.778
"index_14430",0.99,0.01
"index_21768",1,0
"index_110793",0.89,0.11
"index_140637",0.356,0.644
"index_174368",0.45,0.55
"index_244115",1,0
"index_145346",0.064,0.936
"index_9707",1,0
"index_85154",0.64,0.36
"index_196600",1,0
"index_211666",1,0
"index_163059",1,0
"index_57735",1,0
"index_30114",0.846,0.154
"index_24364",0.194,0.806
"index_206426",1,0
"index_160623",0.93,0.07
"index_178696",1,0
"index_51204",1,0
"index_56982",0.998,0.002
"index_210230",0.356,0.644
"index_183016",1,0
"index_207338",0.878,0.122
"index_233916",0.62,0.38
"index_44525",0.85,0.15
"index_158537",0.05,0.95
"index_146396",1,0
"index_222395",0.988,0.012
"index_111450",0.988,0.012
"index_153053",0.01,0.99
"index_201446",1,0
"index_71906",0.878,0.122
"index_192666",0.162,0.838
"index_42354",0.996,0.004
"index_247413",1,0
"index_196346",1,0
"index_35450",1,0
"index_53227",0.222,0.778
"index_91409",0,1
"index_27104",1,0
"index_180501",0.846,0.154
"index_163860",0.846,0.154
"index_61595",0.69,0.31
"index_234274",1,0
"index_110591",0.952,0.048
"index_105055",1,0
"index_30792",0.45,0.55
"index_105069",1,0
"index_154825",0.62,0.38
"index_204182",0.004,0.996
"index_65797",1,0
"index_107946",1,0
"index_84837",1,0
"index_188625",0.356,0.644
"index_26128",0.426,0.574
"index_101738",1,0
"index_218435",1,0
"index_24960",1,0
"index_169918",0.064,0.936
"index_99908",1,0
"index_202910",1,0
"index_56352",1,0
"index_40543",1,0
"index_135697",0.194,0.806
"index_166705",0,1
"index_126810",1,0
"index_67291",1,0
"index_95166",1,0
"index_168876",1,0
"index_207381",0.162,0.838
"index_64197",0.874,0.126
"index_80786",0.1,0.9
"index_66792",1,0
"index_222684",1,0
"index_161704",1,0
"index_77694",1,0
"index_151386",1,0
"index_236855",1,0
"index_136988",1,0
"index_217991",1,0
"index_71840",1,0
"index_27992",1,0
"index_140812",0.69,0.31
"index_248206",1,0
"index_193487",0.222,0.778
"index_226523",1,0
"index_10045",1,0
"index_95387",0.62,0.38
"index_38978",0.346,0.654
"index_248776",1,0
"index_155182",0.62,0.38
"index_144128",0,1
"index_62704",0.64,0.36
"index_34029",0.058,0.942
"index_740",1,0
"index_239926",1,0
"index_148906",0.222,0.778
"index_42684",0.846,0.154
"index_90830",1,0
"index_191750",1,0
"index_226882",1,0
"index_17796",0.978,0.022
"index_171939",0,1
"index_244485",0.45,0.55
"index_245748",1,0
"index_21187",1,0
"index_130478",1,0
"index_83336",1,0
"index_133674",1,0
"index_38685",1,0
"index_231007",1,0
"index_89051",1,0
"index_239964",1,0
"index_234937",0.162,0.838
"index_233994",0.356,0.644
"index_190678",0.338,0.662
"index_235145",1,0
"index_247003",1,0
"index_145940",1,0
"index_170614",1,0
"index_163456",1,0
"index_126713",0.356,0.644
"index_5863",0.996,0.004
"index_118464",1,0
"index_68658",1,0
"index_204027",1,0
"index_17012",1,0
"index_52797",0.988,0.012
"index_233281",1,0
"index_185022",1,0
"index_119558",1,0
"index_12199",0.02,0.98
"index_124355",1,0
"index_143769",0.802,0.198
"index_249091",1,0
"index_104161",0.85,0.15
"index_112329",1,0
"index_173549",0.194,0.806
"index_152470",1,0
"index_193051",0,1
"index_55028",1,0
"index_220925",1,0
"index_85578",0.162,0.838
"index_64683",1,0
"index_89738",0.222,0.778
"index_235070",1,0
"index_49343",1,0
"index_150839",1,0
"index_148953",1,0
"index_196981",0.356,0.644
"index_208708",0.62,0.38
"index_42397",1,0
"index_232176",1,0
"index_160815",1,0
"index_191101",0.988,0.012
"index_167515",0.028,0.972
"index_87413",1,0
"index_246686",1,0
"index_230354",1,0
"index_154245",0.802,0.198
"index_188141",0.658,0.342
"index_141900",0,1
"index_204447",1,0
"index_129217",1,0
"index_139669",0.022,0.978
"index_202609",1,0
"index_157160",0,1
"index_103507",1,0
"index_30404",0.99,0.01
"index_233323",1,0
"index_109190",1,0
"index_14800",1,0
"index_46249",0.194,0.806
"index_189226",0.1,0.9
"index_235127",1,0
"index_19450",1,0
"index_37514",0.69,0.31
"index_48938",1,0
"index_117187",0.658,0.342
"index_176584",1,0
"index_146953",1,0
"index_202142",0.194,0.806
"index_169038",1,0
"index_35062",1,0
"index_8280",0.368,0.632
"index_189760",1,0
"index_18915",1,0
"index_64220",1,0
"index_43052",0.802,0.198
"index_29664",0.62,0.38
"index_159278",1,0
"index_113486",1,0
"index_114289",1,0
"index_177336",0,1
"index_24009",0,1
"index_48777",0.078,0.922
"index_54587",1,0
"index_21973",0.078,0.922
"index_110119",0.442,0.558
"index_99271",1,0
"index_96376",1,0
"index_92666",1,0
"index_18139",1,0
"index_142739",0.998,0.002
"index_218719",0.62,0.38
"index_195749",0.678,0.322
"index_97492",1,0
"index_167534",1,0
"index_122300",0.69,0.31
"index_219317",0.69,0.31
"index_48845",1,0
"index_205996",1,0
"index_196080",0,1
"index_63923",1,0
"index_218668",0.356,0.644
"index_168499",1,0
"index_42631",1,0
"index_84808",0.62,0.38
"index_48323",0.426,0.574
"index_124633",1,0
"index_122590",0.878,0.122
"index_239496",0.64,0.36
"index_181813",1,0
"index_221266",1,0
"index_80987",0.802,0.198
"index_209050",1,0
"index_30197",0.426,0.574
"index_126849",1,0
"index_202354",1,0
"index_171684",1,0
"index_47951",0.044,0.956
"index_217900",1,0
"index_107273",1,0
"index_98895",1,0
"index_32983",0.62,0.38
"index_206862",1,0
"index_37688",0.846,0.154
"index_28314",0.032,0.968
"index_126062",1,0
"index_40053",0.732,0.268
"index_71398",1,0
"index_90757",0.85,0.15
"index_24398",0.996,0.004
"index_114271",1,0
"index_139633",0.834,0.166
"index_143091",0.356,0.644
"index_88260",0.078,0.922
"index_18302",1,0
"index_63658",0.058,0.942
"index_4978",1,0
"index_90253",1,0
"index_141790",1,0
"index_187705",0.162,0.838
"index_42943",0.878,0.122
"index_168212",0.878,0.122
"index_222400",0.988,0.012
"index_199607",1,0
"index_12133",1,0
"index_173635",1,0
"index_161539",1,0
"index_241207",1,0
"index_228850",1,0
"index_85889",0.988,0.012
"index_230451",0.194,0.806
"index_57274",1,0
"index_47608",1,0
"index_37471",0.62,0.38
"index_248678",1,0
"index_86988",1,0
"index_65934",0.194,0.806
"index_48986",0.194,0.806
"index_29798",1,0
"index_224078",1,0
"index_12382",0.802,0.198
"index_23048",0.162,0.838
"index_11295",1,0
"index_237556",0,1
"index_23360",0.802,0.198
"index_5405",1,0
"index_37734",1,0
"index_55302",0,1
"index_143606",0.058,0.942
"index_182246",0.978,0.022
"index_77624",1,0
"index_212254",0.004,0.996
"index_160692",1,0
"index_214256",1,0
"index_35552",0.162,0.838
"index_85582",1,0
"index_142024",0.162,0.838
"index_208929",0.022,0.978
"index_46298",0.62,0.38
"index_199130",1,0
"index_78216",1,0
"index_7446",1,0
"index_28788",1,0
"index_177552",0.028,0.972
"index_207433",0.55,0.45
"index_107011",1,0
"index_112629",0.1,0.9
"index_175732",1,0
"index_118061",1,0
"index_95516",1,0
"index_10407",0.64,0.36
"index_64653",0.078,0.922
"index_111989",0.162,0.838
"index_199699",1,0
"index_82099",1,0
"index_215589",0.02,0.98
"index_81278",1,0
"index_216283",1,0
"index_188169",1,0
"index_197912",1,0
"index_167802",0.194,0.806
"index_193979",0.55,0.45
"index_113440",1,0
"index_154803",0.426,0.574
"index_126897",1,0
"index_209170",1,0
"index_55082",0.988,0.012
"index_115508",1,0
"index_158071",0.222,0.778
"index_95242",1,0
"index_26951",1,0
"index_203155",0,1
"index_66816",1,0
"index_94323",0.954,0.046
"index_24932",1,0
"index_153690",0.222,0.778
"index_182857",0.996,0.004
"index_85382",1,0
"index_104236",0.64,0.36
"index_196938",1,0
"index_88322",1,0
"index_249351",0.01,0.99
"index_27570",1,0
"index_61187",0.338,0.662
"index_196348",1,0
"index_198916",0.988,0.012
"index_101809",1,0
"index_108037",1,0
"index_140715",0.732,0.268
"index_186014",0,1
"index_58902",0.988,0.012
"index_3318",0.62,0.38
"index_205127",0.874,0.126
"index_210189",1,0
"index_17951",1,0
"index_42170",1,0
"index_51902",1,0
"index_161476",0.162,0.838
"index_242862",1,0
"index_164107",1,0
"index_146240",1,0
"index_179901",1,0
"index_108902",0,1
"index_4977",1,0
"index_123990",1,0
"index_73432",1,0
"index_67364",1,0
"index_200662",1,0
"index_150392",1,0
"index_138083",1,0
"index_62952",0.194,0.806
"index_14853",1,0
"index_23043",0.45,0.55
"index_228995",1,0
"index_42001",1,0
"index_191872",1,0
"index_76245",0.928,0.072
"index_182013",1,0
"index_73312",1,0
"index_190058",0.988,0.012
"index_105809",0.55,0.45
"index_233583",0.878,0.122
"index_182389",1,0
"index_188507",1,0
"index_202849",1,0
"index_209838",0.222,0.778
"index_130041",1,0
"index_61234",1,0
"index_223781",1,0
"index_102878",0.69,0.31
"index_153892",0.05,0.95
"index_56329",1,0
"index_28502",1,0
"index_108871",1,0
"index_207920",1,0
"index_205067",0.85,0.15
"index_100326",1,0
"index_18871",1,0
"index_20419",0,1
"index_111810",0.85,0.15
"index_90086",1,0
"index_45259",1,0
"index_141528",0.162,0.838
"index_233391",0.016,0.984
"index_46740",1,0
"index_58805",0.162,0.838
"index_230197",1,0
"index_42461",1,0
"index_199826",1,0
"index_148876",1,0
"index_184334",1,0
"index_217842",0.194,0.806
"index_226582",0.802,0.198
"index_238545",0.64,0.36
"index_21083",0.988,0.012
"index_74787",1,0
"index_160425",1,0
"index_22436",1,0
"index_168554",1,0
"index_65404",1,0
"index_21706",0.338,0.662
"index_227298",1,0
"index_243407",0,1
"index_14532",0.64,0.36
"index_71821",1,0
"index_94897",0,1
"index_186110",1,0
"index_118517",1,0
"index_237100",1,0
"index_53430",0.89,0.11
"index_113454",1,0
"index_203760",0.346,0.654
"index_37635",1,0
"index_219095",1,0
"index_220913",1,0
"index_153955",0.044,0.956
"index_146713",1,0
"index_98223",0.64,0.36
"index_211412",1,0
"index_248050",0.338,0.662
"index_154857",1,0
"index_88711",1,0
"index_114866",1,0
"index_221087",0.338,0.662
"index_216072",1,0
"index_217296",1,0
"index_216625",1,0
"index_248696",0,1
"index_199939",0.998,0.002
"index_166250",1,0
"index_9216",0.162,0.838
"index_83608",1,0
"index_112843",1,0
"index_49833",1,0
"index_107829",1,0
"index_234457",0.522,0.478
"index_65280",0.044,0.956
"index_178019",0.356,0.644
"index_133876",1,0
"index_190320",0.988,0.012
"index_82307",1,0
"index_7959",1,0
"index_127655",1,0
"index_15199",0.64,0.36
"index_86546",1,0
"index_103529",0.954,0.046
"index_37343",1,0
"index_234432",0.64,0.36
"index_241006",1,0
"index_191669",1,0
"index_183053",1,0
"index_29477",0.55,0.45
"index_204459",0,1
"index_139841",1,0
"index_48746",0.044,0.956
"index_232582",1,0
"index_2196",0.45,0.55
"index_246263",1,0
"index_55368",0.954,0.046
"index_21025",0.002,0.998
"index_27860",0.058,0.942
"index_46543",0.194,0.806
"index_13654",1,0
"index_190896",1,0
"index_69637",0.004,0.996
"index_24214",1,0
"index_166170",1,0
"index_3909",0,1
"index_189502",1,0
"index_108828",1,0
"index_206902",1,0
"index_188766",1,0
"index_234110",0.058,0.942
"index_141336",1,0
"index_30346",1,0
"index_180293",0.004,0.996
"index_201097",1,0
"index_220229",1,0
"index_191296",1,0
"index_87238",0.69,0.31
"index_60762",1,0
"index_27620",1,0
"index_127628",1,0
"index_74829",1,0
"index_52767",1,0
"index_110237",0.356,0.644
"index_246121",1,0
"index_221333",1,0
"index_66048",1,0
"index_153349",1,0
"index_215259",1,0
"index_13335",1,0
"index_19930",0.008,0.992
"index_129213",1,0
"index_119210",1,0
"index_240430",1,0
"index_87973",1,0
"index_161519",0.368,0.632
"index_81995",0.442,0.558
"index_120075",0.1,0.9
"index_15909",1,0
"index_231370",1,0
"index_246820",0.874,0.126
"index_52859",0.442,0.558
"index_112866",0.45,0.55
"index_9523",1,0
"index_241002",0.222,0.778
"index_68121",1,0
"index_83435",1,0
"index_130538",1,0
"index_38204",1,0
"index_242747",0.874,0.126
"index_67872",0.878,0.122
"index_195286",0.55,0.45
"index_62411",1,0
"index_238710",1,0
"index_89460",1,0
"index_233981",0.058,0.942
"index_224043",0.988,0.012
"index_57955",0.346,0.654
"index_128734",1,0
"index_195068",0,1
"index_238707",0.988,0.012
"index_203743",0.356,0.644
"index_53052",0.988,0.012
"index_9949",0.058,0.942
"index_102975",1,0
"index_136789",1,0
"index_192188",0.368,0.632
"index_148018",0.878,0.122
"index_104581",0.222,0.778
"index_187281",0.064,0.936
"index_106896",0.878,0.122
"index_27923",1,0
"index_123259",1,0
"index_10473",0.45,0.55
"index_174818",0.658,0.342
"index_140839",1,0
"index_100779",1,0
"index_162602",1,0
"index_42262",1,0
"index_75923",0.62,0.38
"index_99639",1,0
"index_106376",1,0
"index_188833",1,0
"index_211537",1,0
"index_210700",1,0
"index_78893",1,0
"index_204390",0.744,0.256
"index_53673",0.194,0.806
"index_133170",1,0
"index_224521",1,0
"index_206532",1,0
"index_220292",1,0
"index_185174",1,0
"index_20927",0.1,0.9
"index_186705",0.978,0.022
"index_76471",1,0
"index_90343",1,0
"index_234391",1,0
"index_89300",0.744,0.256
"index_130952",1,0
"index_109365",1,0
"index_82898",0.002,0.998
"index_220",0.162,0.838
"index_166180",1,0
"index_187589",1,0
"index_63904",0.97,0.03
"index_36389",1,0
"index_219062",1,0
"index_73471",1,0
"index_1331",0.998,0.002
"index_33583",1,0
"index_59945",0.356,0.644
"index_216870",0.058,0.942
"index_196483",1,0
"index_39669",0.016,0.984
"index_141289",1,0
"index_165625",1,0
"index_220726",0.02,0.98
"index_216910",0.162,0.838
"index_239729",0.928,0.072
"index_33720",1,0
"index_114142",1,0
"index_89182",1,0
"index_83132",1,0
"index_57024",1,0
"index_3150",0.162,0.838
"index_211941",1,0
"index_177382",1,0
"index_234782",1,0
"index_77180",1,0
"index_205442",0.942,0.058
"index_224629",1,0
"index_157399",0.874,0.126
"index_6500",0.078,0.922
"index_156123",0.874,0.126
"index_90886",1,0
"index_232948",1,0
"index_164675",1,0
"index_903",0.058,0.942
"index_44810",1,0
"index_186614",0.62,0.38
"index_125222",0.162,0.838
"index_8583",1,0
"index_242227",1,0
"index_213354",1,0
"index_100183",1,0
"index_152908",1,0
"index_104351",1,0
"index_211360",0.878,0.122
"index_101015",0.008,0.992
"index_73521",1,0
"index_181869",1,0
"index_65707",0.194,0.806
"index_50298",1,0
"index_114655",1,0
"index_48277",1,0
"index_19524",1,0
"index_136395",0.874,0.126
"index_195993",0,1
"index_3624",1,0
"index_208265",0.93,0.07
"index_5779",1,0
"index_15650",1,0
"index_49110",1,0
"index_153579",1,0
"index_131202",1,0
"index_107978",0.878,0.122
"index_193964",1,0
"index_237297",0.878,0.122
"index_65460",1,0
"index_193599",1,0
"index_239344",1,0
"index_150321",1,0
"index_193341",1,0
"index_172044",1,0
"index_34125",0.846,0.154
"index_244113",1,0
"index_45965",1,0
"index_184704",0.64,0.36
"index_174091",0.678,0.322
"index_105582",0.078,0.922
"index_216229",0.69,0.31
"index_243249",1,0
"index_50426",1,0
"index_65339",0.846,0.154
"index_148940",1,0
"index_122703",0.162,0.838
"index_134298",0.016,0.984
"index_53334",0.988,0.012
"index_13425",0,1
"index_105751",1,0
"index_188952",0.878,0.122
"index_79914",1,0
"index_33957",1,0
"index_108315",1,0
"index_163257",1,0
"index_108259",1,0
"index_181524",0.426,0.574
"index_112161",1,0
"index_234275",1,0
"index_39453",0.658,0.342
"index_32754",1,0
"index_284",0.69,0.31
"index_22960",0.02,0.98
"index_91377",0,1
"index_11425",0.194,0.806
"index_128581",0.356,0.644
"index_177997",1,0
"index_84083",0,1
"index_96392",1,0
"index_23748",0.008,0.992
"index_144550",0.978,0.022
"index_216315",1,0
"index_226165",1,0
"index_196134",0,1
"index_37025",1,0
"index_25013",1,0
"index_144093",1,0
"index_21836",0.954,0.046
"index_223493",0.008,0.992
"index_3365",0.45,0.55
"index_232122",1,0
"index_43109",0.89,0.11
"index_17055",0.222,0.778
"index_138343",0.1,0.9
"index_227259",1,0
"index_243505",0.222,0.778
"index_73370",1,0
"index_144590",0.998,0.002
"index_75983",0.874,0.126
"index_223452",1,0
"index_80450",1,0
"index_212497",0.55,0.45
"index_20125",0.99,0.01
"index_152328",1,0
"index_178302",0.988,0.012
"index_194614",1,0
"index_4022",1,0
"index_211487",0.62,0.38
"index_158337",1,0
"index_239300",0,1
"index_243240",1,0
"index_26403",0.878,0.122
"index_34232",0.426,0.574
"index_167940",0.916,0.084
"index_195513",1,0
"index_234999",1,0
"index_74378",0.194,0.806
"index_54194",0.988,0.012
"index_191680",0.162,0.838
"index_248629",0.802,0.198
"index_113840",0.356,0.644
"index_100994",0.338,0.662
"index_93433",0.874,0.126
"index_116725",0.916,0.084
"index_61152",1,0
"index_29371",1,0
"index_205933",1,0
"index_99544",1,0
"index_151513",1,0
"index_39364",1,0
"index_50947",1,0
"index_228659",0.62,0.38
"index_221385",0.99,0.01
"index_28269",1,0
"index_74748",1,0
"index_46533",0.162,0.838
"index_39611",0.194,0.806
"index_240673",1,0
"index_12664",0.078,0.922
"index_210865",0.008,0.992
"index_40689",0.338,0.662
"index_214832",1,0
"index_32993",1,0
"index_189906",0.002,0.998
"index_208870",0.004,0.996
"index_57576",0.55,0.45
"index_169201",0.996,0.004
"index_163011",1,0
"index_77157",0.62,0.38
"index_137173",0.802,0.198
"index_168111",0.998,0.002
"index_128102",0.978,0.022
"index_245450",0.69,0.31
"index_101788",1,0
"index_76671",0.64,0.36
"index_103417",1,0
"index_216319",1,0
"index_179788",1,0
"index_224949",1,0
"index_81553",0,1
"index_208844",0.176,0.824
"index_244442",1,0
"index_234350",0.64,0.36
"index_220576",1,0
"index_40186",1,0
"index_183007",1,0
"index_179945",0.846,0.154
"index_49823",1,0
"index_56967",1,0
"index_32221",1,0
"index_187311",1,0
"index_238849",1,0
"index_175456",1,0
"index_29709",0.426,0.574
"index_74008",0.002,0.998
"index_138791",1,0
"index_53564",1,0
"index_97508",1,0
"index_205031",0.338,0.662
"index_6630",0.044,0.956
"index_189347",1,0
"index_125148",1,0
"index_139083",0.058,0.942
"index_29193",1,0
"index_120492",1,0
"index_177032",1,0
"index_234423",0.162,0.838
"index_126433",1,0
"index_31943",0.802,0.198
"index_138901",0.222,0.778
"index_163420",1,0
"index_139146",1,0
"index_236647",1,0
"index_41549",0.99,0.01
"index_137286",1,0
"index_241637",0.62,0.38
"index_194873",0.942,0.058
"index_139980",0.002,0.998
"index_130598",1,0
"index_170647",0.62,0.38
"index_236981",0.726,0.274
"index_196333",1,0
"index_3262",0.62,0.38
"index_54385",1,0
"index_133764",1,0
"index_190662",0.032,0.968
"index_120910",1,0
"index_102993",1,0
"index_115529",1,0
"index_247998",0,1
"index_44982",1,0
"index_5529",1,0
"index_4955",0.176,0.824
"index_132619",1,0
"index_164466",1,0
"index_168740",1,0
"index_150595",1,0
"index_168808",1,0
"index_189845",0.988,0.012
"index_23167",1,0
"index_176936",0.078,0.922
"index_98361",0.62,0.38
"index_88236",0.162,0.838
"index_110697",0.222,0.778
"index_17694",1,0
"index_119602",0.078,0.922
"index_118607",0.218,0.782
"index_102771",1,0
"index_7761",0.032,0.968
"index_32468",0.426,0.574
"index_223561",1,0
"index_173888",1,0
"index_211287",1,0
"index_31619",1,0
"index_187412",0.194,0.806
"index_217669",1,0
"index_198186",1,0
"index_223092",0.99,0.01
"index_227252",1,0
"index_145613",1,0
"index_226709",0.802,0.198
"index_137657",0.732,0.268
"index_206312",0.69,0.31
"index_73857",0,1
"index_227212",0.442,0.558
"index_185020",1,0
"index_47610",1,0
"index_26227",0.338,0.662
"index_56942",1,0
"index_123346",0.994,0.006
"index_1021",1,0
"index_16212",1,0
"index_40020",1,0
"index_230517",1,0
"index_62350",0.64,0.36
"index_93967",0.62,0.38
"index_203038",0.078,0.922
"index_154125",0.69,0.31
"index_78900",0.658,0.342
"index_165578",1,0
"index_213734",1,0
"index_194008",0.85,0.15
"index_190839",1,0
"index_74751",1,0
"index_133596",1,0
"index_62878",0.874,0.126
"index_17482",1,0
"index_93753",1,0
"index_215035",1,0
"index_96429",1,0
"index_27300",1,0
"index_97822",0.988,0.012
"index_207294",0.878,0.122
"index_108541",1,0
"index_36785",0.002,0.998
"index_149669",0.1,0.9
"index_162186",0.45,0.55
"index_145014",0.978,0.022
"index_188540",1,0
"index_5143",0.69,0.31
"index_159080",1,0
"index_106709",0.45,0.55
"index_58537",1,0
"index_19513",1,0
"index_55105",1,0
"index_57416",1,0
"index_13669",0.802,0.198
"index_212819",1,0
"index_140586",1,0
"index_156851",1,0
"index_128447",1,0
"index_201511",1,0
"index_176573",0.338,0.662
"index_172021",1,0
"index_198383",1,0
"index_26990",1,0
"index_151549",0.978,0.022
"index_170564",0.62,0.38
"index_123772",1,0
"index_144391",1,0
"index_200946",1,0
"index_169212",0.998,0.002
"index_238769",0.99,0.01
"index_51808",1,0
"index_31330",1,0
"index_132207",1,0
"index_114072",1,0
"index_9420",1,0
"index_64656",0.55,0.45
"index_196624",1,0
"index_228361",0.222,0.778
"index_107358",1,0
"index_12016",0.194,0.806
"index_196792",1,0
"index_113577",1,0
"index_172554",0.162,0.838
"index_208338",0.93,0.07
"index_186261",0.802,0.198
"index_178544",1,0
"index_228771",0.85,0.15
"index_100508",1,0
"index_129919",1,0
"index_173965",1,0
"index_190548",1,0
"index_126308",1,0
"index_167154",1,0
"index_142443",1,0
"index_139570",0.998,0.002
"index_67874",1,0
"index_151741",1,0
"index_245086",0.954,0.046
"index_47675",1,0
"index_236670",1,0
"index_9971",1,0
"index_70708",1,0
"index_202912",1,0
"index_181442",1,0
"index_188629",0.426,0.574
"index_76606",0,1
"index_239081",1,0
"index_73378",1,0
"index_179392",0.01,0.99
"index_215919",1,0
"index_237710",1,0
"index_216975",1,0
"index_151745",1,0
"index_134345",0,1
"index_73869",0.002,0.998
"index_238738",0.802,0.198
"index_2427",0.01,0.99
"index_39053",1,0
"index_143389",0.45,0.55
"index_236024",0.346,0.654
"index_77780",0.194,0.806
"index_44082",0.356,0.644
"index_175512",1,0
"index_190397",1,0
"index_69064",1,0
"index_155716",1,0
"index_135952",1,0
"index_37090",1,0
"index_68980",0.194,0.806
"index_97049",0.99,0.01
"index_188017",1,0
"index_115787",0.002,0.998
"index_65258",0.032,0.968
"index_59434",1,0
"index_97755",1,0
"index_199720",0.874,0.126
"index_101835",1,0
"index_93358",0.442,0.558
"index_123052",0.426,0.574
"index_103563",0,1
"index_187703",0.194,0.806
"index_171054",1,0
"index_161678",1,0
"index_133076",0.988,0.012
"index_234206",1,0
"index_70037",1,0
"index_218799",1,0
"index_240653",1,0
"index_116748",0.55,0.45
"index_68365",1,0
"index_98255",0.69,0.31
"index_207853",1,0
"index_215238",0.846,0.154
"index_103081",1,0
"index_13854",0.356,0.644
"index_105164",1,0
"index_240422",1,0
"index_12083",1,0
"index_67219",0.55,0.45
"index_23593",1,0
"index_3053",0.988,0.012
"index_163530",0.874,0.126
"index_177944",1,0
"index_163786",0.162,0.838
"index_130040",1,0
"index_84736",0.45,0.55
"index_181708",0.658,0.342
"index_4952",0.008,0.992
"index_80863",0.222,0.778
"index_172616",0.846,0.154
"index_220201",0.802,0.198
"index_246664",1,0
"index_103535",0.162,0.838
"index_71220",1,0
"index_75280",0.85,0.15
"index_61127",0.162,0.838
"index_99144",1,0
"index_171043",0.996,0.004
"index_33517",1,0
"index_131751",1,0
"index_33451",0.878,0.122
"index_69233",1,0
"index_131772",1,0
"index_187790",1,0
"index_176491",1,0
"index_221441",0.078,0.922
"index_223095",1,0
"index_27683",0.802,0.198
"index_99348",0.194,0.806
"index_237742",1,0
"index_116517",0.01,0.99
"index_87003",1,0
"index_145439",0.222,0.778
"index_155649",1,0
"index_181492",0.62,0.38
"index_221552",0.022,0.978
"index_127047",1,0
"index_216091",0.058,0.942
"index_78292",1,0
"index_193649",1,0
"index_113414",1,0
"index_215794",1,0
"index_130876",1,0
"index_156666",1,0
"index_14211",1,0
"index_61172",0.998,0.002
"index_178229",1,0
"index_125905",1,0
"index_215473",0.194,0.806
"index_165600",1,0
"index_51064",1,0
"index_208572",0.996,0.004
"index_209965",1,0
"index_58250",0,1
"index_173577",1,0
"index_76846",0.988,0.012
"index_183456",1,0
"index_149878",1,0
"index_97735",1,0
"index_8131",1,0
"index_181989",1,0
"index_197574",1,0
"index_223937",1,0
"index_184848",1,0
"index_75405",1,0
"index_169967",1,0
"index_54020",1,0
"index_53721",1,0
"index_1378",0.162,0.838
"index_700",1,0
"index_126329",0.426,0.574
"index_137662",1,0
"index_169370",0.878,0.122
"index_199942",1,0
"index_114411",1,0
"index_22092",0.044,0.956
"index_87006",1,0
"index_212213",0.474,0.526
"index_132906",0.332,0.668
"index_27377",1,0
"index_202922",1,0
"index_155562",0,1
"index_213113",1,0
"index_166428",0.802,0.198
"index_197405",1,0
"index_66169",0.01,0.99
"index_93313",0.356,0.644
"index_162475",1,0
"index_207849",1,0
"index_203304",0.194,0.806
"index_61629",0.62,0.38
"index_213440",1,0
"index_37060",1,0
"index_71931",0.01,0.99
"index_222973",1,0
"index_171826",1,0
"index_52338",1,0
"index_36449",1,0
"index_156840",1,0
"index_105483",0.064,0.936
"index_147149",1,0
"index_118726",0.01,0.99
"index_77789",1,0
"index_163192",1,0
"index_89591",0,1
"index_180590",1,0
"index_30950",1,0
"index_48215",0.016,0.984
"index_240355",1,0
"index_122144",0.194,0.806
"index_160275",0.058,0.942
"index_109872",0.62,0.38
"index_81458",1,0
"index_86909",0.732,0.268
"index_94449",1,0
"index_50844",0.002,0.998
"index_133637",1,0
"index_219072",1,0
"index_38970",0.62,0.38
"index_213620",1,0
"index_241153",1,0
"index_101415",0.996,0.004
"index_49924",1,0
"index_176147",0.802,0.198
"index_50775",1,0
"index_169747",1,0
"index_79570",1,0
"index_88049",1,0
"index_40365",0.194,0.806
"index_114421",1,0
"index_228256",0.878,0.122
"index_141087",1,0
"index_132585",0.45,0.55
"index_185269",0.878,0.122
"index_117927",0.64,0.36
"index_150972",1,0
"index_187501",1,0
"index_37951",0.1,0.9
"index_34462",1,0
"index_227638",1,0
"index_150148",1,0
"index_132028",1,0
"index_206922",1,0
"index_212154",0.1,0.9
"index_33802",1,0
"index_192620",1,0
"index_182214",0.69,0.31
"index_178976",0,1
"index_35214",0.426,0.574
"index_45903",1,0
"index_242450",1,0
"index_16878",0.55,0.45
"index_201103",0.99,0.01
"index_121747",0.162,0.838
"index_112107",1,0
"index_140884",0.222,0.778
"index_99490",1,0
"index_99833",1,0
"index_25438",1,0
"index_223436",1,0
"index_98750",1,0
"index_161360",0.002,0.998
"index_177058",1,0
"index_173508",1,0
"index_218535",1,0
"index_9330",1,0
"index_212142",0.802,0.198
"index_56693",0.058,0.942
"index_140408",1,0
"index_189049",0.988,0.012
"index_173029",1,0
"index_211019",1,0
"index_135740",1,0
"index_82995",0.55,0.45
"index_27611",1,0
"index_100490",1,0
"index_122983",0.426,0.574
"index_3652",0.996,0.004
"index_4734",0.942,0.058
"index_55379",1,0
"index_158356",1,0
"index_128127",1,0
"index_248304",1,0
"index_150247",1,0
"index_196331",1,0
"index_122327",0.878,0.122
"index_79820",1,0
"index_12269",1,0
"index_21822",0.64,0.36
"index_65626",1,0
"index_2318",0.64,0.36
"index_102874",1,0
"index_183962",1,0
"index_101981",1,0
"index_101544",1,0
"index_79420",1,0
"index_144946",1,0
"index_184919",1,0
"index_215445",1,0
"index_198037",1,0
"index_172134",1,0
"index_162034",0.058,0.942
"index_157184",1,0
"index_11377",0.928,0.072
"index_147511",0.028,0.972
"index_131904",1,0
"index_227967",0.426,0.574
"index_209023",1,0
"index_95418",0.64,0.36
"index_21318",0.97,0.03
"index_151319",1,0
"index_153484",1,0
"index_200384",1,0
"index_56431",1,0
"index_19706",1,0
"index_191751",1,0
"index_74188",1,0
"index_245945",1,0
"index_221430",1,0
"index_151287",1,0
"index_163531",1,0
"index_12037",0.64,0.36
"index_63259",0.442,0.558
"index_200597",1,0
"index_128383",1,0
"index_184729",1,0
"index_154706",1,0
"index_106162",1,0
"index_150278",0.046,0.954
"index_42154",0.222,0.778
"index_110207",0.874,0.126
"index_202979",0.93,0.07
"index_126624",1,0
"index_237712",0.162,0.838
"index_178798",0.874,0.126
"index_122783",1,0
"index_107510",1,0
"index_203271",0.55,0.45
"index_175485",1,0
"index_187130",1,0
"index_180497",1,0
"index_6216",1,0
"index_147355",0.356,0.644
"index_83963",1,0
"index_175751",1,0
"index_176842",0.85,0.15
"index_64968",1,0
"index_172130",1,0
"index_113115",1,0
"index_77654",1,0
"index_168371",1,0
"index_78645",1,0
"index_170836",1,0
"index_137183",0,1
"index_44657",1,0
"index_55169",1,0
"index_96994",1,0
"index_66208",0.008,0.992
"index_118867",1,0
"index_40865",1,0
"index_191308",1,0
"index_152789",1,0
"index_96332",0.194,0.806
"index_28445",1,0
"index_191919",0.002,0.998
"index_219465",1,0
"index_191409",1,0
"index_67680",0.744,0.256
"index_83975",1,0
"index_204364",0.744,0.256
"index_53376",0.988,0.012
"index_45515",0.69,0.31
"index_18969",1,0
"index_19557",1,0
"index_207592",1,0
"index_77508",1,0
"index_38878",0.62,0.38
"index_31081",1,0
"index_225908",1,0
"index_192731",0.99,0.01
"index_47853",0.016,0.984
"index_31884",1,0
"index_82074",1,0
"index_115994",0.45,0.55
"index_201426",0.998,0.002
"index_46599",0.356,0.644
"index_233437",0,1
"index_100884",1,0
"index_236056",1,0
"index_120183",1,0
"index_110583",1,0
"index_117646",1,0
"index_66363",1,0
"index_175716",0.426,0.574
"index_214360",1,0
"index_237231",1,0
"index_145508",0,1
"index_248907",0.99,0.01
"index_101887",0.952,0.048
"index_166730",1,0
"index_528",0,1
"index_216941",1,0
"index_43947",0.016,0.984
"index_165257",1,0
"index_63993",1,0
"index_81268",0.222,0.778
"index_78764",1,0
"index_138466",0.988,0.012
"index_162",0.658,0.342
"index_177438",0.988,0.012
"index_10202",0.93,0.07
"index_215994",1,0
"index_182858",1,0
"index_100660",1,0
"index_120566",1,0
"index_68717",1,0
"index_178494",1,0
"index_53513",0.988,0.012
"index_134638",0.01,0.99
"index_115805",1,0
"index_180494",1,0
"index_126551",1,0
"index_51493",1,0
"index_72143",1,0
"index_161954",0.01,0.99
"index_165077",1,0
"index_68803",1,0
"index_190745",1,0
"index_195623",1,0
"index_72238",1,0
"index_35995",1,0
"index_66776",0.356,0.644
"index_3454",1,0
"index_26783",1,0
"index_27634",1,0
"index_97666",1,0
"index_80424",0.194,0.806
"index_142088",1,0
"index_19999",1,0
"index_111231",1,0
"index_101372",1,0
"index_131293",1,0
"index_88800",0.658,0.342
"index_110713",1,0
"index_233206",0.64,0.36
"index_19797",1,0
"index_136529",0.162,0.838
"index_139819",1,0
"index_92844",1,0
"index_83936",1,0
"index_221827",1,0
"index_80590",1,0
"index_34467",0.744,0.256
"index_179113",0.996,0.004
"index_229289",1,0
"index_150833",1,0
"index_26171",1,0
"index_10722",0.368,0.632
"index_131448",1,0
"index_97769",1,0
"index_99017",1,0
"index_187052",1,0
"index_145842",0.998,0.002
"index_25966",0.442,0.558
"index_162735",0.01,0.99
"index_181945",1,0
"index_152799",1,0
"index_101728",1,0
"index_165251",1,0
"index_60432",0.728,0.272
"index_48176",0.016,0.984
"index_135614",0.878,0.122
"index_162819",1,0
"index_94443",1,0
"index_7495",1,0
"index_178331",1,0
"index_182747",1,0
"index_3801",1,0
"index_227079",1,0
"index_23968",0.744,0.256
"index_179497",1,0
"index_160754",1,0
"index_157783",0,1
"index_159946",1,0
"index_166545",1,0
"index_180137",1,0
"index_96020",1,0
"index_157046",1,0
"index_5750",1,0
"index_140190",1,0
"index_226018",1,0
"index_49156",0,1
"index_221710",1,0
"index_142057",1,0
"index_1853",0.426,0.574
"index_11012",1,0
"index_102766",0.046,0.954
"index_229040",1,0
"index_142631",0.998,0.002
"index_67217",1,0
"index_179981",0.078,0.922
"index_217658",1,0
"index_19127",1,0
"index_217695",0.988,0.012
"index_43245",1,0
"index_70553",1,0
"index_152692",1,0
"index_221321",1,0
"index_212521",1,0
"index_106042",1,0
"index_238236",1,0
"index_23955",1,0
"index_32044",0.222,0.778
"index_134537",0.046,0.954
"index_245255",1,0
"index_5519",1,0
"index_56695",0.332,0.668
"index_152153",0.846,0.154
"index_171141",1,0
"index_203795",0.978,0.022
"index_13055",1,0
"index_219915",0.62,0.38
"index_159623",0.99,0.01
"index_180088",1,0
"index_210100",1,0
"index_235764",0.162,0.838
"index_131956",1,0
"index_62311",0.002,0.998
"index_99698",1,0
"index_41737",0.346,0.654
"index_79610",0.506,0.494
"index_79873",1,0
"index_231131",1,0
"index_133520",1,0
"index_180753",1,0
"index_46451",0.988,0.012
"index_191682",1,0
"index_65933",0.058,0.942
"index_174766",0,1
"index_163097",0,1
"index_17674",1,0
"index_26610",1,0
"index_217458",0.874,0.126
"index_168720",1,0
"index_35409",1,0
"index_153373",0.01,0.99
"index_90312",1,0
"index_170005",0.008,0.992
"index_11415",1,0
"index_242079",0.89,0.11
"index_149923",0.162,0.838
"index_129314",1,0
"index_49836",1,0
"index_120400",0.69,0.31
"index_55200",0,1
"index_83619",0.1,0.9
"index_72796",0.878,0.122
"index_230912",1,0
"index_205990",1,0
"index_129422",1,0
"index_63602",0.916,0.084
"index_11542",1,0
"index_234353",0.162,0.838
"index_69097",1,0
"index_229639",1,0
"index_216720",1,0
"index_39679",1,0
"index_12745",1,0
"index_141801",0.45,0.55
"index_132818",0.69,0.31
"index_194185",1,0
"index_115421",0.01,0.99
"index_83603",0.878,0.122
"index_247547",0.726,0.274
"index_151357",1,0
"index_224480",1,0
"index_110752",1,0
"index_125622",1,0
"index_47996",0.93,0.07
"index_30536",1,0
"index_10445",0.45,0.55
"index_94208",1,0
"index_248087",0.64,0.36
"index_135431",0.1,0.9
"index_134394",0.338,0.662
"index_103139",1,0
"index_125762",1,0
"index_184224",0.69,0.31
"index_39278",1,0
"index_181694",0.55,0.45
"index_95574",1,0
"index_157395",0.356,0.644
"index_238011",0.62,0.38
"index_24636",0.346,0.654
"index_79814",1,0
"index_228969",1,0
"index_65591",0.45,0.55
"index_239330",0.004,0.996
"index_177920",1,0
"index_7455",1,0
"index_144931",1,0
"index_15503",0.078,0.922
"index_92772",1,0
"index_59247",1,0
"index_197267",0.45,0.55
"index_52746",1,0
"index_150416",1,0
"index_70099",1,0
"index_81692",1,0
"index_151061",1,0
"index_224009",0.078,0.922
"index_222036",1,0
"index_233035",0.728,0.272
"index_15798",1,0
"index_43139",0.194,0.806
"index_229579",0.162,0.838
"index_140823",1,0
"index_154917",1,0
"index_227752",1,0
"index_241601",1,0
"index_191126",0.64,0.36
"index_82384",0.058,0.942
"index_172915",1,0
"index_49145",0,1
"index_201872",1,0
"index_178347",1,0
"index_39140",0.99,0.01
"index_246431",0.878,0.122
"index_222212",1,0
"index_209628",1,0
"index_39650",1,0
"index_153207",0.998,0.002
"index_210852",1,0
"index_902",0.442,0.558
"index_158890",1,0
"index_208422",1,0
"index_190281",1,0
"index_193499",1,0
"index_77606",0.64,0.36
"index_185270",0.878,0.122
"index_220388",1,0
"index_194079",1,0
"index_110777",0.99,0.01
"index_140028",1,0
"index_100256",1,0
"index_163230",1,0
"index_114663",0.64,0.36
"index_206669",1,0
"index_1472",1,0
"index_176812",1,0
"index_41110",1,0
"index_17957",1,0
"index_136990",1,0
"index_185212",0.058,0.942
"index_147969",0.162,0.838
"index_167889",0.45,0.55
"index_230254",1,0
"index_67044",1,0
"index_119027",0,1
"index_154214",0.162,0.838
"index_176693",1,0
"index_221121",0.998,0.002
"index_140128",1,0
"index_229834",0.032,0.968
"index_225331",0,1
"index_7718",0.044,0.956
"index_144203",0.162,0.838
"index_93545",1,0
"index_153055",0.01,0.99
"index_171960",1,0
"index_101883",1,0
"index_188676",1,0
"index_104810",1,0
"index_125424",1,0
"index_116979",1,0
"index_89056",1,0
"index_182357",1,0
"index_143614",0.69,0.31
"index_201355",1,0
"index_80975",1,0
"index_179049",0.834,0.166
"index_1759",1,0
"index_205762",1,0
"index_27584",0.01,0.99
"index_226969",1,0
"index_43775",0.62,0.38
"index_233048",1,0
"index_177254",1,0
"index_95309",0,1
"index_36440",1,0
"index_93078",0.356,0.644
"index_52378",1,0
"index_218734",1,0
"index_64830",1,0
"index_227444",1,0
"index_65564",0.01,0.99
"index_7801",0.1,0.9
"index_124426",0.678,0.322
"index_219633",0.62,0.38
"index_181396",1,0
"index_105231",1,0
"index_27948",1,0
"index_20680",1,0
"index_233137",1,0
"index_205519",1,0
"index_194255",0.64,0.36
"index_53451",0.85,0.15
"index_239383",0.988,0.012
"index_186100",0.874,0.126
"index_18147",1,0
"index_9099",0,1
"index_87001",1,0
"index_178177",0.69,0.31
"index_197192",1,0
"index_3799",1,0
"index_89596",0.016,0.984
"index_16899",0.69,0.31
"index_166813",0.002,0.998
"index_179692",1,0
"index_161134",0,1
"index_162315",0.002,0.998
"index_131926",0.016,0.984
"index_78032",1,0
"index_13811",1,0
"index_64624",0.85,0.15
"index_36419",0.64,0.36
"index_133925",0.878,0.122
"index_202530",1,0
"index_247835",1,0
"index_15147",0.194,0.806
"index_86170",0.008,0.992
"index_195674",1,0
"index_103300",1,0
"index_27311",1,0
"index_49678",1,0
"index_178371",1,0
"index_27940",1,0
"index_151975",1,0
"index_204372",1,0
"index_119396",1,0
"index_115091",1,0
"index_150598",1,0
"index_127006",1,0
"index_40659",0.338,0.662
"index_210311",1,0
"index_100111",1,0
"index_233578",1,0
"index_51884",1,0
"index_44261",0.078,0.922
"index_135576",1,0
"index_42519",1,0
"index_247019",0.45,0.55
"index_22284",1,0
"index_156808",1,0
"index_205906",0.89,0.11
"index_34199",0.64,0.36
"index_94481",1,0
"index_130230",1,0
"index_108941",0.002,0.998
"index_193334",1,0
"index_55865",1,0
"index_182211",0.85,0.15
"index_145466",0.194,0.806
"index_42463",0.878,0.122
"index_73532",1,0
"index_31554",1,0
"index_107583",1,0
"index_112359",0.044,0.956
"index_147694",1,0
"index_6551",0.802,0.198
"index_114217",1,0
"index_222389",0.726,0.274
"index_136101",1,0
"index_172569",1,0
"index_155013",1,0
"index_87841",0.032,0.968
"index_117070",0.802,0.198
"index_205075",0.346,0.654
"index_198993",0.874,0.126
"index_106354",1,0
"index_167764",0.874,0.126
"index_114114",1,0
"index_47371",1,0
"index_192045",0,1
"index_22884",0.64,0.36
"index_47092",1,0
"index_140173",0.162,0.838
"index_166032",0.69,0.31
"index_117136",0,1
"index_175099",0.194,0.806
"index_188352",0,1
"index_47624",0.988,0.012
"index_100966",0.008,0.992
"index_135719",1,0
"index_122264",0.194,0.806
"index_221237",0.998,0.002
"index_17651",1,0
"index_174417",1,0
"index_157459",1,0
"index_229417",0.01,0.99
"index_45302",0.01,0.99
"index_132122",1,0
"index_222988",1,0
"index_169841",1,0
"index_109215",1,0
"index_7449",1,0
"index_58262",0.162,0.838
"index_93904",1,0
"index_156863",1,0
"index_114259",0.978,0.022
"index_156331",0.846,0.154
"index_161881",0.802,0.198
"index_217304",1,0
"index_102444",1,0
"index_125566",0.846,0.154
"index_172502",0.846,0.154
"index_101880",0.55,0.45
"index_187700",0.64,0.36
"index_235279",0,1
"index_203117",1,0
"index_213959",1,0
"index_63358",0.988,0.012
"index_208925",0.55,0.45
"index_188622",0.162,0.838
"index_146806",1,0
"index_111848",0.474,0.526
"index_110384",1,0
"index_20430",0,1
"index_224166",1,0
"index_136737",0.338,0.662
"index_5448",1,0
"index_11771",0.058,0.942
"index_670",0,1
"index_159448",1,0
"index_72365",1,0
"index_241349",1,0
"index_81376",0.506,0.494
"index_70887",0.064,0.936
"index_162948",1,0
"index_105890",0.338,0.662
"index_106223",0.044,0.956
"index_247367",0.008,0.992
"index_154155",0.998,0.002
"index_200888",0.45,0.55
"index_218144",1,0
"index_155861",0.078,0.922
"index_58533",1,0
"index_76347",1,0
"index_245214",0.846,0.154
"index_178051",1,0
"index_2566",0,1
"index_115625",0.004,0.996
"index_93505",1,0
"index_13504",0.45,0.55
"index_212085",0,1
"index_127977",0.582,0.418
"index_20290",1,0
"index_230384",0.194,0.806
"index_230674",1,0
"index_32781",1,0
"index_230316",1,0
"index_199412",1,0
"index_171094",1,0
"index_220970",1,0
"index_17145",0.02,0.98
"index_183511",1,0
"index_89059",1,0
"index_122763",0.032,0.968
"index_113863",1,0
"index_225781",1,0
"index_153428",1,0
"index_236449",1,0
"index_232232",1,0
"index_227760",1,0
"index_4624",0.62,0.38
"index_68044",1,0
"index_111441",1,0
"index_16199",1,0
"index_101125",1,0
"index_237000",1,0
"index_153388",1,0
"index_219952",0.45,0.55
"index_133380",0.878,0.122
"index_104695",1,0
"index_140276",1,0
"index_100523",1,0
"index_236861",1,0
"index_514",1,0
"index_113262",0.022,0.978
"index_205839",1,0
"index_209024",1,0
"index_217567",0.64,0.36
"index_111092",1,0
"index_227499",1,0
"index_36743",0.016,0.984
"index_120385",1,0
"index_235806",0.802,0.198
"index_163042",1,0
"index_82225",1,0
"index_31941",0.194,0.806
"index_68379",1,0
"index_93114",0.426,0.574
"index_158169",0.62,0.38
"index_54624",0.846,0.154
"index_43329",1,0
"index_22583",1,0
"index_40175",1,0
"index_214538",1,0
"index_222745",1,0
"index_130988",1,0
"index_171902",1,0
"index_167339",1,0
"index_128222",1,0
"index_21943",1,0
"index_241312",1,0
"index_112225",1,0
"index_56706",0.988,0.012
"index_151615",1,0
"index_116938",0.874,0.126
"index_185158",1,0
"index_92556",1,0
"index_127403",1,0
"index_167127",1,0
"index_103623",0.658,0.342
"index_197673",1,0
"index_100151",1,0
"index_66927",1,0
"index_187525",1,0
"index_230471",1,0
"index_170862",0.846,0.154
"index_28268",0.988,0.012
"index_173414",1,0
"index_20495",1,0
"index_106607",1,0
"index_94579",0.69,0.31
"index_237464",1,0
"index_116477",1,0
"index_71859",1,0
"index_147922",1,0
"index_170195",0.45,0.55
"index_152293",0.878,0.122
"index_207355",0.802,0.198
"index_218974",1,0
"index_6239",1,0
"index_97821",0.426,0.574
"index_31492",0.356,0.644
"index_236835",1,0
"index_113965",1,0
"index_155897",0.732,0.268
"index_183160",1,0
"index_173341",1,0
"index_48228",0,1
"index_171474",0.032,0.968
"index_131878",1,0
"index_115786",0.002,0.998
"index_96300",0.058,0.942
"index_33415",1,0
"index_152954",0.85,0.15
"index_147238",1,0
"index_162599",1,0
"index_147947",0.338,0.662
"index_201409",0.69,0.31
"index_131136",1,0
"index_14193",1,0
"index_12306",0.162,0.838
"index_47204",0.62,0.38
"index_103872",1,0
"index_233128",1,0
"index_185383",0.846,0.154
"index_85294",0.45,0.55
"index_228497",1,0
"index_155075",0,1
"index_188830",1,0
"index_172222",1,0
"index_23113",1,0
"index_164028",0.222,0.778
"index_15481",0.846,0.154
"index_59160",1,0
"index_138265",1,0
"index_245",1,0
"index_66691",1,0
"index_209534",1,0
"index_83082",1,0
"index_2248",0.356,0.644
"index_10484",0.162,0.838
"index_63339",0.988,0.012
"index_182583",0.978,0.022
"index_247762",1,0
"index_147995",0.62,0.38
"index_208166",1,0
"index_24284",1,0
"index_1346",0.62,0.38
"index_77733",0.45,0.55
"index_93850",0.194,0.806
"index_87045",1,0
"index_111739",0.996,0.004
"index_7623",0.802,0.198
"index_173143",1,0
"index_141052",1,0
"index_197747",0.85,0.15
"index_248732",1,0
"index_228627",1,0
"index_172784",1,0
"index_132353",1,0
"index_178987",0.942,0.058
"index_115989",0.988,0.012
"index_27777",1,0
"index_136899",0.916,0.084
"index_26257",1,0
"index_134275",0.338,0.662
"index_210779",1,0
"index_87292",1,0
"index_197109",1,0
"index_106322",1,0
"index_4563",0.046,0.954
"index_60579",1,0
"index_136120",1,0
"index_204371",0.64,0.36
"index_146371",1,0
"index_157462",1,0
"index_229467",0.988,0.012
"index_49963",1,0
"index_96886",1,0
"index_211917",1,0
"index_100052",1,0
"index_42707",1,0
"index_192360",1,0
"index_95040",1,0
"index_139199",0.162,0.838
"index_219121",0.878,0.122
"index_151534",0.89,0.11
"index_228381",0.356,0.644
"index_39791",1,0
"index_77162",1,0
"index_132907",0.332,0.668
"index_184738",0.928,0.072
"index_190018",1,0
"index_154369",1,0
"index_196949",1,0
"index_15074",0.016,0.984
"index_77671",0.64,0.36
"index_77446",0.802,0.198
"index_22979",1,0
"index_107470",1,0
"index_200914",0.426,0.574
"index_232469",0.194,0.806
"index_182267",0.1,0.9
"index_249532",0.194,0.806
"index_72257",0.62,0.38
"index_69146",1,0
"index_107927",1,0
"index_113043",1,0
"index_23949",1,0
"index_246284",1,0
"index_90553",0.078,0.922
"index_139041",1,0
"index_106256",0.338,0.662
"index_235715",1,0
"index_66482",1,0
"index_114175",1,0
"index_21801",0.802,0.198
"index_104892",1,0
"index_129072",0.85,0.15
"index_187883",1,0
"index_148352",0.162,0.838
"index_63209",0.332,0.668
"index_28651",1,0
"index_236543",0.954,0.046
"index_68790",0.022,0.978
"index_42880",1,0
"index_48274",1,0
"index_168363",1,0
"index_234153",0.988,0.012
"index_211048",1,0
"index_180807",1,0
"index_2491",1,0
"index_168288",1,0
"index_164335",0.99,0.01
"index_79283",1,0
"index_121459",1,0
"index_46041",1,0
"index_24302",1,0
"index_144708",1,0
"index_80782",1,0
"index_146894",0.046,0.954
"index_180171",0.85,0.15
"index_152361",1,0
"index_3713",0.338,0.662
"index_248154",1,0
"index_164100",1,0
"index_117957",1,0
"index_22441",0.356,0.644
"index_65633",1,0
"index_88772",1,0
"index_82965",0.1,0.9
"index_230350",0.728,0.272
"index_234958",1,0
"index_61422",1,0
"index_222080",0.1,0.9
"index_20225",1,0
"index_222515",0.64,0.36
"index_4392",0.928,0.072
"index_57509",0.97,0.03
"index_171229",1,0
"index_37249",0.194,0.806
"index_14716",1,0
"index_133911",1,0
"index_196758",0.022,0.978
"index_143082",0.162,0.838
"index_67060",1,0
"index_113378",0.802,0.198
"index_152454",1,0
"index_85155",0.64,0.36
"index_230262",1,0
"index_51213",1,0
"index_98484",1,0
"index_128936",0.952,0.048
"index_102561",1,0
"index_185392",1,0
"index_70109",0.426,0.574
"index_57856",1,0
"index_232555",1,0
"index_32279",0.874,0.126
"index_145697",1,0
"index_219395",1,0
"index_182695",0.338,0.662
"index_54576",1,0
"index_168814",0.338,0.662
"index_111927",1,0
"index_217939",0.85,0.15
"index_235024",0.078,0.922
"index_105332",0.1,0.9
"index_243571",0.338,0.662
"index_151113",1,0
"index_201755",1,0
"index_58672",1,0
"index_140893",1,0
"index_145293",0.004,0.996
"index_14442",0.194,0.806
"index_48929",0.62,0.38
"index_104866",0.97,0.03
"index_192463",0,1
"index_218139",1,0
"index_1563",1,0
"index_150781",1,0
"index_111244",1,0
"index_61337",1,0
"index_210986",1,0
"index_162605",1,0
"index_62800",1,0
"index_31530",1,0
"index_156947",0.332,0.668
"index_127464",1,0
"index_197905",0.45,0.55
"index_228310",1,0
"index_183695",1,0
"index_63224",0.058,0.942
"index_172693",1,0
"index_12962",0,1
"index_46694",1,0
"index_16822",1,0
"index_83947",0.802,0.198
"index_244841",0.874,0.126
"index_51095",0.162,0.838
"index_243815",1,0
"index_24539",1,0
"index_3390",0.332,0.668
"index_140894",1,0
"index_67393",1,0
"index_149419",0.064,0.936
"index_71828",1,0
"index_133936",1,0
"index_168572",1,0
"index_116576",0.01,0.99
"index_161036",0.194,0.806
"index_229225",1,0
"index_74785",1,0
"index_179397",1,0
"index_209422",1,0
"index_44818",1,0
"index_129430",0.954,0.046
"index_116608",1,0
"index_194378",0.952,0.048
"index_150789",0.162,0.838
"index_247620",0.01,0.99
"index_73447",0.998,0.002
"index_235813",0.194,0.806
"index_127708",0.954,0.046
"index_56787",0,1
"index_189943",1,0
"index_127603",0,1
"index_132484",1,0
"index_224489",0.942,0.058
"index_105564",1,0
"index_59195",1,0
"index_31623",1,0
"index_87416",0.846,0.154
"index_198208",1,0
"index_198549",1,0
"index_53537",0.426,0.574
"index_36985",1,0
"index_238016",0.62,0.38
"index_98388",0.988,0.012
"index_16528",0.194,0.806
"index_247509",0.176,0.824
"index_17347",0.45,0.55
"index_166473",1,0
"index_114881",1,0
"index_5280",1,0
"index_217535",0.194,0.806
"index_96254",0.988,0.012
"index_23711",0.008,0.992
"index_248360",0.64,0.36
"index_23345",1,0
"index_203410",1,0
"index_229944",0.162,0.838
"index_31773",1,0
"index_244753",1,0
"index_216613",1,0
"index_235272",0.356,0.644
"index_213766",1,0
"index_77537",0.802,0.198
"index_42940",1,0
"index_114463",0.954,0.046
"index_49309",1,0
"index_234232",0,1
"index_88243",1,0
"index_68446",1,0
"index_146244",1,0
"index_84708",1,0
"index_21570",1,0
"index_182493",1,0
"index_159299",0.99,0.01
"index_82098",1,0
"index_155966",0.044,0.956
"index_34567",1,0
"index_175798",0.194,0.806
"index_110778",0.99,0.01
"index_98638",0.62,0.38
"index_102004",1,0
"index_225081",0.678,0.322
"index_171127",0.582,0.418
"index_90576",0.846,0.154
"index_215723",0.732,0.268
"index_116553",0.506,0.494
"index_117094",1,0
"index_205639",0.89,0.11
"index_35064",1,0
"index_16041",0.222,0.778
"index_228263",0.022,0.978
"index_116210",0.356,0.644
"index_113510",1,0
"index_231050",1,0
"index_72875",0,1
"index_29119",0.846,0.154
"index_183237",0.02,0.98
"index_115582",0.726,0.274
"index_54121",0.45,0.55
"index_132870",0.058,0.942
"index_120041",0.62,0.38
"index_72615",1,0
"index_105704",1,0
"index_204221",0.802,0.198
"index_21901",0.55,0.45
"index_24821",1,0
"index_216372",0.1,0.9
"index_215620",0.044,0.956
"index_31244",1,0
"index_26438",1,0
"index_99174",1,0
"index_171375",1,0
"index_123316",1,0
"index_239112",1,0
"index_221415",0.69,0.31
"index_35032",1,0
"index_149037",0.988,0.012
"index_48014",0.032,0.968
"index_120831",1,0
"index_98634",1,0
"index_150811",0.69,0.31
"index_182439",1,0
"index_151701",1,0
"index_51262",1,0
"index_69654",0.01,0.99
"index_136957",0.078,0.922
"index_168501",1,0
"index_152186",1,0
"index_137874",0.004,0.996
"index_140487",1,0
"index_191455",1,0
"index_201948",1,0
"index_210420",0.194,0.806
"index_143523",1,0
"index_65740",1,0
"index_27223",1,0
"index_127098",1,0
"index_109985",0.426,0.574
"index_70837",0.582,0.418
"index_206180",1,0
"index_143774",0.162,0.838
"index_125808",1,0
"index_191002",1,0
"index_140751",1,0
"index_241371",1,0
"index_92778",1,0
"index_17429",1,0
"index_18148",1,0
"index_85463",1,0
"index_235377",0.194,0.806
"index_84607",0.878,0.122
"index_206565",0.004,0.996
"index_154009",0.802,0.198
"index_107299",1,0
"index_227746",1,0
"index_114470",1,0
"index_170680",1,0
"index_187528",1,0
"index_128564",0.802,0.198
"index_146106",0.942,0.058
"index_235875",1,0
"index_119466",1,0
"index_239167",0.45,0.55
"index_218664",0.356,0.644
"index_116205",1,0
"index_131540",1,0
"index_72997",1,0
"index_232222",1,0
"index_213723",1,0
"index_63412",1,0
"index_37913",1,0
"index_207234",0.846,0.154
"index_105581",0.078,0.922
"index_45454",0.878,0.122
"index_58860",1,0
"index_93574",1,0
"index_94039",1,0
"index_92609",1,0
"index_111759",1,0
"index_233518",0,1
"index_153411",0.022,0.978
"index_17148",0,1
"index_183848",0,1
"index_65512",1,0
"index_138499",0.064,0.936
"index_192317",1,0
"index_175056",0.85,0.15
"index_148633",0.878,0.122
"index_230830",1,0
"index_203266",0.846,0.154
"index_19805",1,0
"index_169196",1,0
"index_78482",1,0
"index_140687",0.874,0.126
"index_65919",0.004,0.996
"index_21457",1,0
"index_97925",1,0
"index_42066",1,0
"index_230158",0.802,0.198
"index_234829",1,0
"index_179847",0.008,0.992
"index_77799",0.162,0.838
"index_217779",0.194,0.806
"index_221340",0.032,0.968
"index_133426",1,0
"index_183482",1,0
"index_127136",1,0
"index_156582",0.988,0.012
"index_120395",1,0
"index_244970",1,0
"index_233184",0.078,0.922
"index_248956",1,0
"index_161426",0.1,0.9
"index_161031",0.332,0.668
"index_128856",0.162,0.838
"index_173920",0.62,0.38
"index_121898",0.162,0.838
"index_24164",0.356,0.644
"index_92308",1,0
"index_234466",1,0
"index_229986",0.194,0.806
"index_66481",1,0
"index_29920",0.162,0.838
"index_73416",1,0
"index_129938",1,0
"index_245874",0.162,0.838
"index_177702",1,0
"index_85983",1,0
"index_84677",1,0
"index_107849",1,0
"index_215315",1,0
"index_80589",1,0
"index_90513",1,0
"index_20760",1,0
"index_54611",1,0
"index_148566",1,0
"index_232676",1,0
"index_80979",1,0
"index_249275",0.356,0.644
"index_114916",1,0
"index_180786",1,0
"index_106014",1,0
"index_96018",1,0
"index_23992",0,1
"index_86656",1,0
"index_220113",0,1
"index_225027",0.162,0.838
"index_197182",0.998,0.002
"index_34030",0,1
"index_12725",0.194,0.806
"index_73268",1,0
"index_55329",0,1
